"Dates","AAPL","AMZN","ABT","ADBE","AMGN","AEP","AFL","AIG","ALL","APD","ADM","AKAM"
"21-01-2016",96.3,575.02,39.48,88,152.78,57.64,27.91,55.31,58.15,108.3242,31.92,46.21
"22-01-2016",101.42,596.38,40.03,89.63,156.08,58.53,28.635,56.35,58.53,109.9883,33.23,46.91
"25-01-2016",99.44,596.53,39.66,86.77,153.43,57.75,28.275,55.36,57.7,107.5291,32.43,45.7
"26-01-2016",99.99,601.25,40.16,86.89,153.78,58.2,28.76,55.91,58.18,109.4706,33.63,46.2
"27-01-2016",93.42,583.35,40.47,84.85,150.47,58.19,28.725,54.54,58.41,109.1562,33.74,44.35
"28-01-2016",94.09,635.35,36.71,84.52,148.35,59.45,29.155,54.71,59.22,110.0253,34.7,43.47
"29-01-2016",97.34,587,37.85,89.13,152.73,60.97,28.98,56.48,60.6,117.144,35.35,45.62
"01-02-2016",96.43,574.81,38.45,89.61,152.75,61.79,28.255,56.29,60.53,121.3505,35.46,45.3
"02-02-2016",94.48,552.1,37.88,87.95,150.11,62,28.64,55.33,59.97,120.9344,32.36,42.94
"03-02-2016",96.35,531.07,38.02,87.99,150.69,63.31,28.66,54.31,59.64,123.3104,33.44,44.39
"04-02-2016",96.6,536.26,38.01,86.36,149.91,62.29,29.01,54.02,62.05,125.8805,34.25,44.64
"05-02-2016",94.02,502.13,37.41,79.2,145.04,62.84,29.105,53.37,63.37,125.3628,34.07,43.2
"08-02-2016",95.01,488.1,37.46,74.94,143,62.49,29,52.3,63.33,120.879,33.3,40.98
"09-02-2016",94.99,482.07,37,73.85,143.16,62.37,28.965,52.25,63.01,122.4599,33.58,39.57
"10-02-2016",94.27,490.48,37.21,75.53,144.81,62.9,28.745,52.45,62.98,120.6016,33.18,47.96
"11-02-2016",93.7,503.82,36.34,74.94,141.46,61.31,27.8,50.52,62.32,117.6062,31.63,49.14
"12-02-2016",93.99,507.08,37.13,76.67,144.72,60.6,28.655,53,63.91,120.5092,32.45,50.76
"15-02-2016",93.99,507.08,37.13,76.67,144.72,60.6,28.655,53,63.91,120.5092,32.45,50.76
"16-02-2016",96.64,521.1,37.99,78.88,147.15,61.09,29.065,52.06,64.57,121.4337,33.62,52.55
"17-02-2016",98.12,534.1,38.45,81.85,151.07,61.1,29.535,52.67,65.02,122.5061,33.4,53.42
"18-02-2016",96.26,525,38.31,80.53,149.3,62.45,29.58,51.92,64.3,121.2673,33.9,53.28
"19-02-2016",96.04,534.9,38.53,80.87,150.12,61.91,29.66,51.53,64,121.6001,32.65,53.13
"22-02-2016",96.88,559.5,39.16,83.8,148.56,62.85,29.85,52.1,64.44,122.8851,33.79,54.48
"23-02-2016",94.69,552.94,38.39,83.07,147.26,62.76,29.685,51.06,63.73,121.3042,33.79,53.97
"24-02-2016",96.1,554.04,39.2,83.42,147.11,63.01,29.815,50.92,63.95,121.6186,33.85,54.78
"25-02-2016",96.76,555.15,39.63,86.68,146.75,63.89,30.165,51.37,64.41,122.9499,34.62,54.96
"26-02-2016",96.91,555.23,39.52,86.6,147.6,61.47,30.085,51.09,64.32,123.5508,34.79,55.24
"29-02-2016",96.69,552.52,38.74,85.15,142.28,61.75,29.76,50.2,63.46,122.4691,34.96,53.97
"01-03-2016",100.53,579.04,39.33,88.37,148.39,61.73,30.535,51.88,64.81,124.2442,35.48,55.53
"02-03-2016",100.75,580.21,39.34,88.39,147.49,61.89,30.705,51.83,65.41,124.087,35.83,56.21
"03-03-2016",101.5,577.49,38.82,87.21,145.84,61.77,30.49,52.27,65.31,124.6972,36.83,55.64
"04-03-2016",103.01,575.14,39.18,86.18,145.98,62.43,30.515,52.3,65.38,124.614,37.65,55.57
"07-03-2016",101.87,562.8,39.18,85.11,147.31,63.24,30.275,52.66,65.03,124.8081,37.14,55.33
"08-03-2016",101.03,560.26,39.17,84.35,144.63,63.61,30.03,51.93,64.58,124.087,36.03,54.58
"09-03-2016",101.12,559.47,39.28,85.27,140.9,64.3,30.215,51.59,64.53,124.5123,36.06,55.19
"10-03-2016",101.17,558.93,39.03,84.85,141.03,64.13,30.185,51.54,64.26,124.4383,35.77,54.64
"11-03-2016",102.26,569.61,40.37,86,144.57,64.23,31.135,52.89,65.52,126.1671,36.6,56.07
"14-03-2016",102.52,573.37,40.5,87.01,144.62,64.22,30.825,52.87,64.95,125.9637,36.71,55.28
"15-03-2016",104.58,577.02,39.9,86.83,143.21,64.41,30.775,53.02,65.92,123.9298,36.56,54.67
"16-03-2016",105.97,574.27,40.18,88.17,143.98,65.13,31.23,52.91,66.28,125.7881,37.46,55.81
"17-03-2016",105.8,559.44,40.29,89.96,144.13,65.43,31.695,53.18,67.2,130.3182,38.2,56.06
"18-03-2016",105.92,552.08,40.79,93.42,145.51,64.79,31.76,53.71,67.23,130.9006,38.07,55.95
"21-03-2016",105.91,553.98,40.76,92.5,147.01,64.8,31.64,53.57,66.84,130.0685,38.17,56.29
"22-03-2016",106.72,560.48,41.03,92.56,150.62,64.77,31.67,53.72,66.92,132.2689,37.61,56.74
"23-03-2016",106.13,569.63,40.78,92.16,148.76,65.08,31.7,53.44,66.66,133.0639,36.6,55.12
"24-03-2016",105.67,582.95,40.75,92.52,149.24,65.06,31.35,52.98,66.19,131.0578,36.47,54.84
"25-03-2016",105.67,582.95,40.75,92.52,149.24,65.06,31.35,52.98,66.19,131.0578,36.47,54.84
"28-03-2016",105.19,579.87,40.88,92.4,148.37,65,31.58,53.41,66.82,132.3243,36.35,54.93
"29-03-2016",107.68,593.86,41.47,93.22,149.49,66.03,31.59,53.39,67.16,134.0809,36.87,55.26
"30-03-2016",109.56,598.69,41.65,93.78,149.48,66.02,31.865,54.52,67.72,134.2843,36.62,55.1
"31-03-2016",108.99,593.64,41.83,93.8,149.93,66.4,31.57,54.05,67.37,133.1749,36.31,55.57
"01-04-2016",109.99,598.5,42.19,95.16,154.16,67.01,32.06,54.89,68.23,134.3397,36.47,55.22
"04-04-2016",111.12,593.19,42.32,94.5,154.66,66.58,31.795,54.4,67.64,131.9268,36.04,55.33
"05-04-2016",109.81,586.14,42.04,94.17,152.95,65.4,31.86,53.68,66.7,131.9268,35.11,53.14
"06-04-2016",110.96,602.08,43.05,95.4,159.66,65.63,31.83,54.11,67.03,132.8421,35.54,54.78
"07-04-2016",108.54,591.43,42.61,93.78,157.38,65.5,31.5,53.11,66.28,131.141,35.72,53.28
"08-04-2016",108.66,594.6,42.37,94.07,156.46,66.01,31.955,53.16,66.84,131.7604,36.09,52.38
"11-04-2016",109.02,595.93,42.48,92.95,156.39,65.68,32.02,53.41,66.79,132.537,36,51.06
"12-04-2016",110.44,603.17,42.82,93.42,158.6,66.31,32.765,53.79,67.21,133.3413,36.83,50.54
"13-04-2016",112.04,614.82,43.35,94.53,160.06,65.79,33.225,55.14,67.53,133.4984,37.14,51.79
"14-04-2016",112.1,620.75,43.51,94.44,160.12,65.59,33.485,55.26,66.67,134.1271,36.59,51.67
"15-04-2016",109.85,625.89,43.41,95.16,160.13,66.05,33.44,54.95,66.6,134.0809,37.3,50.93
"18-04-2016",107.48,635.35,43.95,96.55,161.7,66.24,33.605,55.28,67.3,135.4122,37.71,51.75
"19-04-2016",106.91,627.9,43.85,96.52,162.1,65.84,33.78,55.72,67.53,137.9361,38.23,51.35
"20-04-2016",107.13,632.99,43.97,96.33,162.76,63.7,34.025,56.12,66.92,137.594,38.87,51.27
"21-04-2016",105.97,631,43.88,96.37,164.35,62.26,33.7,55.52,65.45,137.1225,38.35,51.36
"22-04-2016",105.68,620.5,44.08,94.79,163.19,62.74,33.96,56.19,65.74,136.9376,39.62,51.13
"25-04-2016",105.08,626.2,44.01,95.8,163.46,62.81,33.935,55.95,65.61,136.7897,39.26,51.09
"26-04-2016",104.35,616.88,43.88,96.15,162.85,62.9,34,56.55,65.87,136.3552,39.73,52.66
"27-04-2016",97.82,606.57,43.83,95.64,161,63.93,34.66,56.63,65.51,137.1133,39.91,54.85
"28-04-2016",94.83,602,40.42,93.64,160.56,63.06,34.505,55.83,64.95,137.3259,40.07,52.41
"29-04-2016",93.74,659.59,38.9,94.22,158.3,63.5,34.485,55.82,65.05,134.876,39.94,50.99
"02-05-2016",93.64,683.85,38.85,94.9,158.99,64.36,34.565,56.59,65.36,134.8575,40.26,50.94
"03-05-2016",95.18,671.32,38.55,93.66,156.35,64.5,34.485,55.94,65.41,132.3336,39.1,49.91
"04-05-2016",94.19,670.9,38.1,92.94,154.18,65.39,34.215,54.85,65.28,132.0655,38.72,49.54
"05-05-2016",93.24,659.09,38.5,93.5,154.25,65.15,34.33,54.81,67.87,132.4353,38.08,49.51
"06-05-2016",92.72,673.95,37.97,94.3,153.19,64.56,34.425,55.04,67.1,133.6556,38.2,49.94
"09-05-2016",92.79,679.75,37.98,94.61,155.41,65.29,34.32,55.25,67.21,131.8436,37.73,50.15
"10-05-2016",93.42,703.07,38.1,96.52,157.24,65.05,34.59,56.35,67.98,133.4245,38.4,51.97
"11-05-2016",92.51,713.23,38.01,96.1,154.18,65.21,34.38,55.96,67.35,131.6679,37.96,50.72
"12-05-2016",90.34,717.93,38,95.96,152.9,65.66,34.62,56.29,67.54,132.5185,38.54,51.12
"13-05-2016",90.52,709.92,37.6,95.97,152.35,65.61,34.435,55.66,67.38,131.1225,37.63,50.49
"16-05-2016",93.88,710.66,38.25,97.23,153.27,65.93,34.51,55.28,67.55,132.7126,37.65,51.36
"17-05-2016",93.49,695.27,37.71,95.93,150.11,64.51,34.22,55.4,67.1,132.0932,37.49,50.965
"18-05-2016",94.56,697.45,37.75,96.7,150.83,63.3,34.5,56.71,67.36,131.0023,37.51,50.97
"19-05-2016",94.2,698.52,37.24,95.88,148.67,63.85,34.3,56.36,66.84,131.0023,38.37,50.68
"20-05-2016",95.22,702.8,37.6,96.88,150.18,63.8,34.365,56.97,67.15,130.7619,39.83,51.73
"23-05-2016",96.43,696.75,37.37,96.62,149.3,62.95,34.25,56.9,66.88,130.9746,40.44,51.29
"24-05-2016",97.9,704.2,37.98,99.63,152.72,63.63,34.775,57.7,67.44,132.4815,42.05,52.7
"25-05-2016",99.62,708.35,38.68,99.61,155.57,63.43,34.925,58.05,67.28,132.8328,42.48,52.86
"26-05-2016",100.41,714.91,38.89,99.37,155.55,64.33,34.59,57.75,67.51,132.2689,43.07,53.98
"27-05-2016",100.35,712.24,39.3,100.14,156.74,64.31,34.78,58.32,67.68,132.2596,43.23,54.2
"30-05-2016",100.35,712.24,39.3,100.14,156.74,64.31,34.78,58.32,67.68,132.2596,43.23,54.2
"31-05-2016",99.86,722.79,39.63,99.47,157.95,64.73,34.73,57.88,67.51,131.8713,42.77,54.58
"01-06-2016",98.46,719.44,39.5,100.04,158.05,64.89,34.705,57.74,67.44,133.1286,42.83,54.42
"02-06-2016",97.72,728.24,39.53,100.17,159.87,64.68,34.79,57.84,67.44,132.6664,43.47,54.9
"03-06-2016",97.92,725.54,39.18,98.7,159.19,65.81,34.56,57.26,67.43,132.4353,43.6,53.55
"06-06-2016",98.63,726.73,39.17,99.12,160.19,65.7,34.675,57.29,67.62,134.5709,43.67,54.53
"07-06-2016",99.03,723.74,38.93,98.52,158.89,65.84,34.655,57.06,67.43,134.2843,43.66,54.85
"08-06-2016",98.94,726.64,38.91,98.68,158,66.2,34.95,56.92,67.68,135.8005,43.82,54.92
"09-06-2016",99.65,727.65,38.87,98.07,156.78,66.96,34.85,56.1,67.79,135.5324,43.83,55.44
"10-06-2016",98.83,717.91,38.4,97.09,154.78,66.85,34.475,54.99,67.46,135.3382,43.03,52.73
"13-06-2016",97.34,715.24,37.86,96.96,153.08,66.55,34.185,54.4,66.88,133.1564,41.82,52.21
"14-06-2016",97.46,719.3,37.66,96.98,152.99,66.83,34.155,53.99,66.69,133.0362,41.78,52.66
"15-06-2016",97.14,714.26,37.43,97.02,151.9,66.24,34.08,53.57,65.87,132.8051,42.15,53.27
"16-06-2016",97.55,717.51,37.5,97.19,152.3,66.88,34.405,53.63,66.47,133.4615,42.05,53.71
"17-06-2016",95.33,706.39,37.39,95.58,149.62,67.21,34.395,53.42,66.42,132.4907,42.31,53.19
"20-06-2016",95.1,714.01,37.75,97.99,150.65,66.79,34.89,53.73,66.57,133.1656,42.45,54.14
"21-06-2016",95.91,715.82,37.73,99.72,149.42,66.77,35.275,53.79,66.8,132.3428,41.94,54.7
"22-06-2016",95.55,710.6,38.74,94.01,149.81,66.5,35.42,53.68,67.02,132.6664,42,54.7
"23-06-2016",96.1,722.08,39.63,96.21,152.27,66.59,35.885,54.71,67.86,134.9961,42.71,57.17
"24-06-2016",93.4,698.96,37.91,92.2,146.45,67.26,34.63,50.72,66.26,129.5416,40.5,53.35
"27-06-2016",92.04,691.36,36.95,90.85,144.58,68.35,33.665,48.79,66.06,124.6417,39.14,51.16
"28-06-2016",93.59,707.95,37.56,92.46,148.42,68.64,34.425,49.82,67.73,126.3983,40.56,53.05
"29-06-2016",94.4,715.6,38.57,94.39,150.1,68.72,35.04,51.46,68.47,128.7465,41.58,54.56
"30-06-2016",95.6,715.62,39.31,95.79,152.15,70.09,36.08,52.89,69.95,131.3166,42.89,55.93
"01-07-2016",95.89,725.68,39.54,95.32,154.28,70.14,36.25,52.87,69.56,130.2997,42.61,55.5
"04-07-2016",95.89,725.68,39.54,95.32,154.28,70.14,36.25,52.87,69.56,130.2997,42.61,55.5
"05-07-2016",94.99,728.1,39.44,94.73,154.27,70.81,35.75,51.21,69.31,128.0346,41.95,54.25
"06-07-2016",95.53,737.61,40.83,95.18,156.05,71.27,36.105,51.26,69.46,128.8389,42.12,54.96
"07-07-2016",95.94,736.57,41.36,95.14,156.59,70.28,35.71,51.82,68.94,129.1255,42.12,54.94
"08-07-2016",96.68,745.81,41.89,96.79,161.1,70.71,36.245,53.01,69.66,133.4522,43.48,56.38
"11-07-2016",96.98,753.78,42.12,97.14,160.18,70.7,36.33,53.29,69.94,133.9237,43.16,56.24
"12-07-2016",97.42,748.21,42.47,97.54,161.96,69.58,36.6,53.86,69.6,136.5493,43.29,56.16
"13-07-2016",96.87,742.63,41.97,97.34,160.52,70.01,36.64,53.81,69.28,136.7527,43.1,56.86
"14-07-2016",98.79,741.2,42.28,97.7,162.74,69.38,36.85,54.4,69.31,137.6587,43.48,57.43
"15-07-2016",98.78,735.44,42.1,97.83,163.28,69.64,36.68,54.44,69.49,138.0747,43.95,57.25
"18-07-2016",99.83,736.07,42.09,97.79,162.93,69.95,36.605,54.56,69.35,137.9268,44.25,57.47
"19-07-2016",99.87,739.95,41.8,97.79,162.49,69.77,36.605,54.46,69.12,138.1025,43.48,57.45
"20-07-2016",99.96,745.72,42.65,98.4,163.25,69.35,36.725,54.57,69.1,138.0747,43.39,57.83
"21-07-2016",99.43,744.43,43.04,96.34,164.19,69.43,36.665,54.29,68.89,137.104,43.39,57.2
"22-07-2016",98.66,744.86,43.17,98.06,165.67,70.06,36.745,54.62,69.2,137.4091,43.72,57.89
"25-07-2016",97.34,739.61,43.41,97.32,166.56,69.77,36.625,54.66,69.22,137.3074,43.6,57.9
"26-07-2016",96.67,735.59,43.6,97.91,167.67,69.74,36.845,54.69,69.04,138.537,43.87,58.09
"27-07-2016",102.95,736.67,43.67,97.93,170.68,68.86,36.68,54.62,68.86,137.7604,43.9,50.51
"28-07-2016",104.34,752.61,44.45,98.44,171.28,68.92,36.66,54.79,69.17,137.7419,44.94,50.69
"29-07-2016",104.21,758.81,44.75,97.86,172.03,69.3,36.14,54.44,68.33,138.1395,45.08,50.53
"01-08-2016",106.05,767.74,45.29,97.72,174.16,69.31,35.79,54.21,68.39,137.8898,44.24,50.6
"02-08-2016",104.48,760.58,45.07,96.05,174.15,69.01,35.81,54.14,68.11,137.0393,43.45,49.96
"03-08-2016",105.79,754.64,44.95,96.67,173.43,68.45,35.985,58.1,68.63,137.0208,43.93,49.44
"04-08-2016",105.87,760.77,44.81,97.09,172.67,68.64,35.98,57.61,68.62,137.7512,43.74,49.43
"05-08-2016",107.48,765.98,45.26,99.04,173.66,67.85,36.535,59.1,68.84,137.9453,44.45,50.66
"08-08-2016",108.37,766.56,45.02,98.49,172.34,67.15,36.54,59.39,69.17,137.5293,44.52,50.21
"09-08-2016",108.81,768.31,45.08,98.87,172.08,67.39,36.555,59.27,69.37,137.8436,44.38,50.22
"10-08-2016",108,768.56,44.81,100.62,171.23,67.56,36.585,59,69.42,137.7789,44.31,52.02
"11-08-2016",107.93,771.24,45.05,101.67,172.43,67.72,36.535,59.18,69.11,137.7974,43.93,51.41
"12-08-2016",108.18,772.56,45.04,101.04,173.02,67.55,36.345,58.85,69.13,138.5278,44.07,51.97
"15-08-2016",109.48,768.49,45.15,100.93,174.58,66.52,36.34,59.22,69.39,140.0809,43.77,52.05
"16-08-2016",109.38,764.04,44.92,100.6,172.16,65.68,36.1,59.31,68.95,141.2366,43.47,52
"17-08-2016",109.22,764.63,44.68,99.7,174.31,66.5,36.335,59.03,69.12,142.1148,43.63,52.34
"18-08-2016",109.08,764.46,44.36,100.67,174.75,67.4,36.13,58.98,69.44,143.2705,43.57,52.35
"19-08-2016",109.36,757.31,44.24,100.32,173.62,66.37,36.44,58.86,69.17,143.9269,43.48,52.95
"22-08-2016",108.51,759.48,44.17,100.24,174.35,66.52,36.32,58.99,68.87,143.742,43.8,52.98
"23-08-2016",108.85,762.45,43.9,101.14,174.4,66.28,36.39,59.02,68.36,143.6957,44.12,53.6
"24-08-2016",108.03,757.25,43.17,101.14,170.84,66.34,36.35,58.91,68.26,143.4923,43.32,53.98
"25-08-2016",107.57,759.22,42.84,101.69,170.23,66.37,36.495,58.94,68.54,143.9731,42.56,54.56
"26-08-2016",106.94,769,42.98,102.06,171.97,64.69,36.375,59.02,68.32,142.6048,42.39,55.31
"29-08-2016",106.82,771.29,43.25,102.3,171.51,65.18,36.85,59.43,68.74,144.121,42.84,55.04
"30-08-2016",106,767.58,42.83,102,170.76,64.32,37.14,59.64,69.17,144.8236,43.21,54.89
"31-08-2016",106.1,769.16,42.02,102.31,170.06,64.57,37.09,59.83,68.96,143.8714,43.76,54.9
"01-09-2016",106.73,770.62,42.3,102.9,170.13,64.41,36.935,59.41,68.66,144.5001,43.14,55.07
"02-09-2016",107.73,772.44,42.09,103.57,169.77,65.24,36.995,59.86,68.95,145.2304,43.82,55.33
"05-09-2016",107.73,772.44,42.09,103.57,169.77,65.24,36.995,59.86,68.95,145.2304,43.82,55.33
"06-09-2016",107.7,788.87,42.16,103.5,170.84,66.04,36.83,59.45,69.31,145.517,43.94,55.5
"07-09-2016",108.36,784.48,41.9,103,170.63,66.05,36.765,59.37,69.44,145.517,44.02,54.08
"08-09-2016",105.52,784.06,41.85,101.88,170.97,66.1,36.47,59.04,69.22,144.121,43.24,53.5
"09-09-2016",103.13,760.14,41.01,99.38,166.55,63.71,36.2,58.67,67.96,140.0902,42.02,52.5
"12-09-2016",105.44,771.49,41.42,100.32,172.04,64.71,36.71,58.99,68.48,139.2119,42.96,53.09
"13-09-2016",107.95,761.01,40.64,98.77,169.3,63.81,35.915,58.23,67.92,136.5586,42,51.87
"14-09-2016",111.77,761.09,40.81,98.79,170.14,64.02,35.9,58.08,67.39,135.7358,41.98,51.65
"15-09-2016",115.57,769.69,41.12,99.62,172.64,64.3,36.17,58.59,67.82,135.5139,42.28,51.38
"16-09-2016",114.92,778.52,41.87,98.93,172.96,64.81,35.67,57.9,67.41,134.7928,42.03,50.98
"19-09-2016",113.58,775.1,41.68,99.68,171.38,65.42,36.01,57.84,67.46,135.7173,42.18,51.62
"20-09-2016",113.57,780.22,41.58,100.62,173.38,65.01,36.225,57.84,67.87,135.9669,42.15,51.36
"21-09-2016",113.55,789.74,41.92,107.78,173.85,66.19,36.75,58.09,68.66,137.5108,42.81,52.21
"22-09-2016",114.62,804.7,42.22,107.92,175.62,66.6,36.76,58.99,68.94,136.9653,42.98,52.43
"23-09-2016",112.71,805.75,42.19,107.47,174.8,66.66,36.37,58.73,68.49,136.3274,42.47,52.25
"26-09-2016",112.88,799.16,41.68,107.26,173.53,66.36,36.01,58.25,68.39,137.1502,41.9,51.76
"27-09-2016",113.09,816.11,42.33,109.7,171.63,65.5,36.21,58.51,68.98,137.6032,41.89,52.65
"28-09-2016",113.95,828.72,42.29,109.49,169.71,65.36,36.235,59.5,69.1,138.4723,41.85,52.28
"29-09-2016",112.18,829.05,41.44,107.8,165.45,64.5,35.78,58.4,68.64,139.1472,41.53,52.41
"30-09-2016",113.05,837.31,42.29,108.54,166.81,64.21,35.935,59.34,69.18,138.99,42.17,52.99
"03-10-2016",112.52,836.74,42.55,108.45,167.34,63.51,35.785,58.92,68.4,140.57,42.9,53.71
"04-10-2016",113,834.03,42.1,108.39,167.55,62.18,35.75,59.08,67.84,137.32,42.79,54.64
"05-10-2016",113.05,844.36,42.74,108.8,167.24,62.18,35.95,59.9,67.81,136.98,43.27,55.98
"06-10-2016",113.89,841.66,42.97,108.56,166.9,62.25,36.035,59.95,67.77,137.03,43.16,54.86
"07-10-2016",114.06,839.43,42.97,108.64,167.5,61.79,35.69,60.06,68.43,135.08,42.65,54.95
"10-10-2016",116.05,841.71,43.5,109.24,168.31,62.21,35.84,60.44,68.49,135.4,43.27,55.31
"11-10-2016",116.3,831,41.16,107.37,164.32,61.34,35.49,59.86,68.2,132.65,42.34,54.13
"12-10-2016",117.34,834.09,40.98,108.05,163.88,62,35.81,60.44,69.04,132.81,42.39,54.28
"13-10-2016",116.98,829.28,40.98,108.01,164.29,62.53,35.305,59.59,69.09,132.26,42.25,54.45
"14-10-2016",117.63,822.96,40.79,107.84,161.9,62.3,35.48,59.86,69.33,132.65,42.13,54.66
"17-10-2016",117.55,812.95,40.59,107.49,162.62,62.97,35.31,60.29,69.34,132.28,41.85,54.94
"18-10-2016",117.47,817.65,41.17,108.42,162.8,63.37,35.15,60.49,69.29,133.82,41.98,55.92
"19-10-2016",117.12,817.69,40.01,108.39,161.08,63.19,35.27,60.71,69.43,133.91,42.22,56.62
"20-10-2016",117.06,810.32,40.74,109.03,161.5,62.91,34.88,60.07,68.23,134.39,42.18,56.73
"21-10-2016",116.6,818.99,40.5,109.03,158.51,62.48,34.69,60,67.55,134.44,42.32,57.67
"24-10-2016",117.65,838.09,40.41,110.81,158.76,63.03,35.01,60.32,67.72,134.81,42.51,58.84
"25-10-2016",118.25,835.18,40.19,109.03,157.895,63.46,34.82,60.55,67.61,133.51,42.53,59.07
"26-10-2016",115.59,822.59,39.96,107.97,158.99,63.53,34.9,61.11,67.94,132.98,43.28,67.7
"27-10-2016",114.48,818.36,40.29,107.07,160.57,63.19,35.105,61.42,67.59,133.4,43.08,68.81
"28-10-2016",113.72,776.32,39.54,107.6,145.18,63.41,34.255,61.28,67.53,133.81,43.59,69.91
"31-10-2016",113.54,789.82,39.24,107.51,141.16,64.84,34.435,61.7,67.9,133.42,43.57,69.47
"01-11-2016",111.49,785.41,39.05,106.87,140.76,63.38,34.195,60.68,67.21,132.26,46.75,68.1
"02-11-2016",111.59,765.56,38.7,105.89,138.7,62.61,34.195,60.55,67.34,133.55,47.26,67.31
"03-11-2016",109.83,767.03,38.38,107.17,135.22,62.92,34.42,58.15,68.09,133.09,47.43,66.52
"04-11-2016",108.84,755.05,39.09,106.2,135.4,62.4,34.28,57.38,66.72,133.37,46.92,65.81
"07-11-2016",110.41,784.93,39.86,108.66,139.21,63.24,34.795,59.28,66.86,137.08,47.05,66.52
"08-11-2016",111.06,787.75,39.83,108.39,138.45,63.23,35.045,59.5,67.58,136.93,47.72,66.37
"09-11-2016",110.88,771.88,40.07,107.86,146.42,61.25,35.8,60.93,68.17,137.22,46.28,66.53
"10-11-2016",107.79,742.38,40.61,104.08,151.57,59.74,36.625,63.21,69.45,139.98,45.18,66.22
"11-11-2016",108.43,739.01,40.14,103.68,149.04,59.99,36.305,63.32,69.64,138.54,41.73,65.45
"14-11-2016",105.71,719.07,39.2,102.42,146.42,58.72,36.14,64.45,70.69,137.98,42.88,65.44
"15-11-2016",107.11,743.24,39.81,103.66,147.06,59.46,36.25,64.6,71.3,138.14,43.49,65.47
"16-11-2016",109.99,746.49,39.95,104.08,147.23,58.99,35.915,64.1,70.72,138.74,43.26,65.9
"17-11-2016",109.95,756.4,40.39,105.81,147.36,58.86,36.195,64.23,71.78,138,43,66.6
"18-11-2016",110.06,760.16,39.84,105.02,145.23,58.44,36.25,63.91,72.02,137.96,43.49,66.44
"21-11-2016",111.73,780,39.76,105.65,145.55,59.32,35.825,63.92,72.18,139.74,43.65,66.9
"22-11-2016",111.8,785.33,38.1,105.21,144.33,59.17,35.59,64,72.37,139.71,43.51,66.82
"23-11-2016",111.23,780.12,38.98,104.21,145.03,58.82,35.81,64.33,72.4,140.75,43.25,66.48
"24-11-2016",111.23,780.12,38.98,104.21,145.03,58.82,35.81,64.33,72.4,140.75,43.25,66.48
"25-11-2016",111.79,780.37,39.16,105.02,145.43,59.72,35.865,64.44,72.38,141.54,43.55,66.95
"28-11-2016",111.57,766.77,38.74,104.5,145.07,60.9,35.495,63.31,72.04,141.78,43.11,66.17
"29-11-2016",111.46,762.52,38.73,104.95,146,61.27,35.64,63.28,69.63,143.47,42.77,67.28
"30-11-2016",110.52,750.57,38.07,102.81,144.07,59.05,35.69,63.33,69.92,144.46,43.23,66.7
"01-12-2016",109.49,743.65,37.6,99.51,142.39,58.16,35.24,64.11,70.35,144.07,44.31,63.51
"02-12-2016",109.9,740.34,37.9,99.73,144.01,58.7,34.145,63.75,70.61,144.55,44,63.87
"05-12-2016",109.11,759.36,38.43,101.95,145.29,59.2,34.345,64.22,70.36,147.33,43.9,64.31
"06-12-2016",109.95,764.72,38.42,101.55,145.11,59.47,34.29,64.2,70.95,146.57,44.68,64.93
"07-12-2016",111.03,770.42,38.48,103.36,141.19,60.25,34.73,64.92,71.65,148.54,45.2,66.15
"08-12-2016",112.12,767.33,38.68,103.5,140.59,60.18,34.81,65.82,71.67,149.06,45.97,66.31
"09-12-2016",113.95,768.66,39.2,104.31,143.45,60.99,34.53,65.83,72.47,149.55,46.56,64.94
"12-12-2016",113.3,760.12,39.2,105.16,145.76,61.95,34.48,65.62,72.82,149.64,47.02,64.25
"13-12-2016",115.19,774.34,39.44,106.15,148.37,62.71,34.99,66.31,72.93,149.12,46.4,65.14
"14-12-2016",115.19,768.82,38.82,105.81,148.69,61.7,34.86,66.01,72.61,148.18,45.59,66.99
"15-12-2016",115.82,761,38.93,105.1,150.39,62.11,34.635,66.19,73.54,149.09,45.74,67.58
"16-12-2016",115.97,757.77,38.1,103.55,149.37,62.81,34.705,66.3,74.11,147.43,46.51,67.19
"19-12-2016",116.64,766,38.34,105.29,147.74,62.94,34.895,66.54,74.37,147.72,46.07,67.76
"20-12-2016",116.95,771.22,38.19,105.77,147.22,63.21,34.93,66.6,74.48,147.5,46.22,68.7
"21-12-2016",117.06,770.6,38.24,105.51,146.17,62.8,35.15,66.66,74.44,147.35,46.13,67.87
"22-12-2016",116.29,766.34,38.29,104.72,146.36,63.24,35.19,66.23,74.48,146.09,45.18,67.37
"23-12-2016",116.52,760.59,38.42,105.02,147.55,63.17,35.075,66.41,74.58,146.48,45.15,67.63
"26-12-2016",116.52,760.59,38.42,105.02,147.55,63.17,35.075,66.41,74.58,146.48,45.15,67.63
"27-12-2016",117.26,771.4,38.6,104.98,148.36,63.13,35.2,66.7,74.51,147.38,45.65,68.09
"28-12-2016",116.76,772.13,38.22,103.77,147.67,62.39,34.9,65.88,74.35,145.12,45.34,67.27
"29-12-2016",116.73,765.15,38.31,103.68,147.78,63.28,34.915,65.5,74.28,144.37,45.36,67.04
"30-12-2016",115.82,749.87,38.41,102.95,146.21,62.96,34.8,65.31,74.12,143.82,45.65,66.68
"02-01-2017",115.82,749.87,38.41,102.95,146.21,62.96,34.8,65.31,74.12,143.82,45.65,66.68
"03-01-2017",116.15,753.67,39.05,103.48,150.73,62.76,34.885,65.12,74.17,143.4,46.19,67.57
"04-01-2017",116.02,757.18,39.36,104.14,152.87,62.85,35.205,65.97,74.37,144.65,46.11,68.33
"05-01-2017",116.61,780.45,39.7,105.91,152.98,63.19,34.975,65.6,74.03,143.22,45.77,69.55
"06-01-2017",117.91,795.99,40.78,108.3,156.78,63.14,35.095,66.81,74.15,144.36,44.72,69.79
"09-01-2017",118.99,796.92,40.74,108.57,158.84,62.31,34.76,66.38,73.09,146.31,44.75,70
"10-01-2017",119.11,795.9,41.29,108.26,158.76,62.12,34.715,67.2,73.75,145.26,44.46,70.28
"11-01-2017",119.75,799.02,41.08,108.99,156.62,63.18,34.93,66.95,73.94,146.01,44.01,70.12
"12-01-2017",119.25,813.64,40.72,108.59,155.36,63.29,34.785,66.25,73.68,145.84,43.44,69.93
"13-01-2017",119.04,817.14,40.93,108.53,156.12,63.23,34.82,66.35,73.89,145.35,43.56,70.02
"16-01-2017",119.04,817.14,40.93,108.53,156.12,63.23,34.82,66.35,73.89,145.35,43.56,70.02
"17-01-2017",120,809.72,40.9,108,154.8,63.81,34.94,66.06,73.85,145.34,44.69,69.79
"18-01-2017",119.99,807.48,40.76,108.79,155.77,63.46,34.985,66.24,74.52,146.33,44.95,69.6
"19-01-2017",119.78,809.04,40.4,109.79,153.8,62.7,34.73,66.29,74.22,145.47,44.5,68.98
"20-01-2017",120,808.33,40.46,110.71,154.67,62.91,35.04,66.54,74.54,146.62,44.73,69.15
"23-01-2017",120.08,817.88,40.34,110.97,152.72,62.71,34.675,65.49,74.15,146.07,44.71,67.97
"24-01-2017",119.97,822.44,40.31,113.72,151.85,62.78,34.91,65.5,74.47,147.13,44.66,67.74
"25-01-2017",121.88,836.52,40.31,114.25,154.1,62.53,35.23,65.72,75.39,148.53,45.2,68.73
"26-01-2017",121.94,839.15,40.96,112.88,152.98,62.64,35.28,66.02,75.81,148.81,44.55,67.78
"27-01-2017",121.95,835.77,41,113.99,157.16,62.97,35.135,65.21,75.59,142.01,44.52,67.97
"30-01-2017",121.63,830.38,41.01,113.82,154.43,63.21,35.175,64.89,75.61,140.99,44.13,67.81
"31-01-2017",121.35,823.48,41.77,113.38,156.68,64.06,34.995,64.26,75.21,139.76,44.26,68.59
"01-02-2017",128.75,832.35,42.33,113.36,159.67,63.09,33.57,64.27,75.24,138.68,43.77,68.7
"02-02-2017",128.53,839.95,42.75,113.16,159.58,63.78,33.915,64.12,77.4,139.28,43.99,69.4
"03-02-2017",129.08,810.2,42.78,115.17,167.53,64.03,34.305,64.94,77.48,140.16,43.99,69.55
"06-02-2017",130.29,807.64,42.43,114.46,166.58,63.82,34.465,64.9,78.08,139.05,44.02,69.71
"07-02-2017",131.53,812.5,42.89,114.96,166.82,63.93,34.485,64.88,78.12,138.8,44.59,71.12
"08-02-2017",132.04,819.71,42.4,116.13,168.12,63.8,34.82,64.91,77.99,138.59,43.46,63.55
"09-02-2017",132.42,821.36,42.54,116.44,167.47,63.42,34.95,65.32,78.35,138.54,43.54,63.85
"10-02-2017",132.12,827.46,42.74,116.85,167.89,63.95,34.99,65.61,78.88,140.13,43.83,63.95
"13-02-2017",133.29,836.53,43.22,117.65,167.66,63.79,35.49,66.14,79.61,140.5,43.71,63.6
"14-02-2017",135.02,836.39,43.65,117.58,168.05,63.27,35.52,66.89,79.8,142.13,43.73,63.55
"15-02-2017",135.51,842.7,44,118.73,171.79,63.29,35.5,60.85,80.71,142.38,44.47,63.9
"16-02-2017",135.345,844.14,44.2,118.93,172.11,63.7,35.595,62.27,80.8,141.87,44.1,64.24
"17-02-2017",135.72,845.07,44.69,119.67,173.29,64.11,35.55,62.5,80.44,141.5,44.69,62.34
"20-02-2017",135.72,845.07,44.69,119.67,173.29,64.11,35.55,62.5,80.44,141.5,44.69,62.34
"21-02-2017",136.7,856.44,45.01,119.63,173.14,64.76,35.71,63.41,80.62,141.47,44.81,62.64
"22-02-2017",137.11,855.61,45.01,119.47,172.61,65.31,35.58,63.83,80.58,140.34,44.72,63.01
"23-02-2017",136.53,852.19,45.4,118.83,174.01,66.01,35.86,64.02,80.55,140.36,45.09,62.7
"24-02-2017",136.66,845.24,45.68,119.31,174.56,67.15,35.855,63.63,80.91,140.86,45.26,62.87
"27-02-2017",136.93,848.64,45.46,118.78,176.13,66.7,36.165,64,81.34,139.38,45.37,62.86
"28-02-2017",136.99,845.04,45.08,118.34,176.53,66.97,36.175,63.92,82.16,140.47,46.97,62.6
"01-03-2017",139.79,853.08,45.59,120.35,178.24,66.12,36.49,64.63,82.69,143.69,46.51,63.38
"02-03-2017",138.96,848.91,45.69,119.9,178.07,66.5,36.095,63.9,81.75,140.57,45.48,63.79
"03-03-2017",139.78,849.88,45.25,120.04,180.2,66.52,36.135,64.22,81.86,139.52,45.2,63.36
"06-03-2017",139.34,846.61,45.13,120.15,179.46,66.35,36.095,63.78,81.34,139.31,44.76,63.06
"07-03-2017",139.52,846.02,45,119.98,177.38,66.24,35.975,63.45,81.46,139.64,44.46,63.3
"08-03-2017",139,850.5,45.36,119.6,177.78,65.15,35.945,63.44,81.13,139.56,43.99,63.55
"09-03-2017",138.68,853,45.63,119.91,178.92,64.84,36.045,63.21,81.57,138.58,44.42,64.2
"10-03-2017",139.14,852.46,45.72,121.09,181.44,65.4,36.01,63.08,82.05,138.77,45.04,64.22
"13-03-2017",139.2,854.59,45.53,121.8,181.05,65.81,36.025,63.18,82.1,137.82,44.7,64.59
"14-03-2017",138.99,852.53,44.8,121.44,180.12,65.79,35.92,62.88,82.18,136.18,44.67,63.63
"15-03-2017",140.46,852.97,45.32,122.11,182.6,66.68,36.175,63.23,82.62,137.99,45.01,64.39
"16-03-2017",140.69,853.42,44.98,122.35,180.11,66.01,36.2,62.91,82.89,137.97,44.85,64.63
"17-03-2017",139.99,852.31,45.19,127.01,168.61,66.47,36.265,62.42,82.85,139.53,44.72,65
"20-03-2017",141.46,856.97,44.98,126.31,169.24,66.13,36.12,62.37,82.37,138.69,44.85,64.86
"21-03-2017",139.84,843.2,44.8,125.07,166.85,66.98,35.705,61.76,81.69,136.45,44.95,62.95
"22-03-2017",141.42,848.06,44.81,126.21,167.45,67.44,35.82,61.24,81.38,136.41,45.61,63.68
"23-03-2017",140.92,847.38,44.77,126.87,166.04,67.45,36,61.34,81.26,137.05,45.61,63.66
"24-03-2017",140.64,845.61,44.73,127.7,165.74,67.79,35.995,60.88,80.99,134.94,45.58,63.63
"27-03-2017",140.88,846.82,44.7,128.25,164.91,67.69,35.92,60.93,81.09,135.92,45.35,63.09
"28-03-2017",143.8,856,44.7,128.69,164.71,67.84,36.155,61.86,81.89,137.25,45.72,63.25
"29-03-2017",144.12,874.32,44.67,129.58,163.06,67.39,35.79,61.77,81.39,136.78,46.24,63.44
"30-03-2017",143.93,876.34,44.55,129.61,164.38,67.16,36.16,62.57,81.64,135.6,46.11,60.53
"31-03-2017",143.66,886.54,44.41,130.13,164.07,67.13,36.21,62.43,81.49,135.29,46.04,59.7
"03-04-2017",143.7,891.51,44.47,129.59,163.89,67.15,36.33,61.79,81.32,134.95,45.8,58.1
"04-04-2017",144.77,906.83,44.18,130.04,164.36,67.29,36.305,62.18,81.63,135.35,45.41,59.3
"05-04-2017",144.02,909.28,43.8,129.89,162.24,67.83,36.095,61.62,81.42,135.24,45.26,58.8
"06-04-2017",143.66,898.28,43.67,130.15,162.25,67.62,36.475,61.84,81.44,135.19,45.25,58.75
"07-04-2017",143.34,894.88,43.83,130.22,163.38,67.32,36.45,61.34,81.11,135.01,44.89,58.1
"10-04-2017",143.17,907.04,43.59,130.16,162.79,67.5,36.775,61.48,81.36,135.76,44.99,58.51
"11-04-2017",141.63,902.36,43.58,129.95,163.11,67.39,36.875,60.79,81.17,136.42,44.54,59.01
"12-04-2017",141.8,896.23,43.48,129.38,163.05,67.79,36.675,60.17,80.97,135.51,44.65,58.88
"13-04-2017",141.05,884.67,42.67,129.05,161.61,67.54,36.5,59.55,80.58,134.3,44.28,58.8
"14-04-2017",141.05,884.67,42.67,129.05,161.61,67.54,36.5,59.55,80.58,134.3,44.28,58.8
"17-04-2017",141.83,901.99,43.31,129.99,162.11,67.74,36.765,59.93,81.5,135.86,44.68,58.82
"18-04-2017",141.2,903.78,43.43,129.81,161.25,67.98,36.94,59.5,80.31,135.27,45.41,58.95
"19-04-2017",140.68,899.2,43.59,130.22,161.26,67.74,36.785,58.98,79.75,134.96,44.6,59.68
"20-04-2017",142.44,902.06,43.98,131.42,162.04,67.44,37.085,59.67,80.15,136.9,44.9,60.2
"21-04-2017",142.27,898.53,43.53,131.52,160.41,67.86,36.995,59.13,79.73,137.3,44.81,60.28
"24-04-2017",143.64,907.41,44.13,132.89,163.14,67.97,37.325,59.69,80.9,139.76,45.38,61.39
"25-04-2017",144.53,907.62,43.76,133.49,164.7,67.86,37.505,60.07,81.22,141.73,45.58,61.8
"26-04-2017",143.68,909.29,43.8,132.79,164.61,67.69,37.4,60.16,81.8,141.58,45.27,62.24
"27-04-2017",143.79,918.38,43.65,133.38,162.72,68.1,37.525,61.15,81.98,141.1,45.78,59.75
"28-04-2017",143.65,924.99,43.64,133.74,163.32,67.83,37.44,60.91,81.29,140.5,45.75,60.94
"01-05-2017",146.58,948.23,43.48,135.11,162.6,67.47,37.22,61.61,81.5,142.03,45.73,61.48
"02-05-2017",147.51,946.94,43.6,135,163.49,68.01,37.51,61.53,81.83,143.52,41.67,62.5
"03-05-2017",147.06,941.03,43.72,134.85,163.81,67.9,37.38,61.54,84.93,143.82,41.31,52.8
"04-05-2017",146.53,937.53,44.59,134.61,164.29,68.02,37.195,62.67,85.57,144.76,42.4,52.86
"05-05-2017",148.96,934.15,44.64,134.84,163.81,68.41,37.175,62.71,85.45,147.22,42.43,52.13
"08-05-2017",153.01,949.04,44.68,135.12,163.03,67.73,37.165,61.92,84.77,146.19,42.96,50.17
"09-05-2017",153.99,952.82,44.67,135.6,163.22,67.31,36.93,61.82,84.17,145.3,42.36,50.4
"10-05-2017",153.26,948.95,44.5,136.15,160.51,67.41,37.215,61.37,84.29,145.25,42.29,49.85
"11-05-2017",153.95,947.62,43.86,136.29,160.08,67.55,36.98,61.79,83.91,143.86,42.03,49.85
"12-05-2017",156.1,961.35,43.96,136.84,160.22,68.06,36.715,60.99,84.13,144.07,41.96,49.43
"15-05-2017",155.7,957.97,44.04,137.6,159.97,68.56,36.865,61.82,84.53,145.08,42.14,49.83
"16-05-2017",155.47,966.07,43.69,138.03,159.99,67.86,36.87,62.08,84.33,144.35,41.9,49.15
"17-05-2017",150.25,944.76,43.08,134.33,157.06,68.15,36.81,61.56,84.36,142.57,41.52,47.5
"18-05-2017",152.54,958.49,42.98,134.54,157.96,68.31,36.86,61.39,84.72,142.71,41.31,47
"19-05-2017",153.06,959.84,43.16,136.43,156.51,68.72,36.935,61.2,84.13,143.1,41.5,47.38
"22-05-2017",153.99,970.67,43.73,138.86,153.02,69.42,36.95,61.38,84.79,143.31,41.5,47.75
"23-05-2017",153.8,971.54,43.68,139.52,154.07,69.59,37.065,62.17,85.4,142.83,43.04,47.41
"24-05-2017",153.34,980.35,43.53,141.12,154.6,70.2,36.915,62.6,85.81,144.14,42.55,47.62
"25-05-2017",153.87,993.38,43.95,142.85,155.43,70.8,37.355,63.12,86.28,144.12,42.62,48.06
"26-05-2017",153.61,995.78,44.71,141.89,155.01,70.87,37.42,63.55,86.5,143.91,42.45,47.39
"29-05-2017",153.61,995.78,44.71,141.89,155.01,70.87,37.42,63.55,86.5,143.91,42.45,47.39
"30-05-2017",153.67,996.7,45,142.41,153.85,71.21,37.57,64.1,86,143.97,42.11,47.43
"31-05-2017",152.76,994.62,45.66,141.86,155.24,71.78,37.69,63.63,86.34,144.06,41.58,47.15
"01-06-2017",153.18,995.95,46.1,141.38,156.24,72.21,37.965,63.9,86.94,145.08,41.82,48.3
"02-06-2017",155.45,1006.73,46.5,143.48,159.15,72.67,37.965,64.24,86.67,146.79,42.22,48.53
"05-06-2017",153.93,1011.34,46.62,143.59,160.22,72.4,37.88,63.83,86.61,144.96,41.94,48.91
"06-06-2017",154.45,1003,46.36,143.03,159.53,72.13,37.395,63.31,85.82,144.12,41.95,48.45
"07-06-2017",155.37,1010.07,46.56,143.62,161.66,72.62,37.465,63.16,85.87,143.36,41.91,48.54
"08-06-2017",154.99,1010.27,46.72,142.63,162.65,71.95,37.6,63.66,86.56,143.5,42.01,48.91
"09-06-2017",148.98,978.31,47.29,138.05,164.06,71.86,39,64.18,87.37,145.85,42.02,48.13
"12-06-2017",145.42,964.91,47.17,137.25,164.88,71.41,38.81,63.82,87.92,144.43,42.43,49.52
"13-06-2017",146.59,980.79,47.46,139.09,164.43,71.65,38.95,64.23,87.97,146.27,42.36,49.63
"14-06-2017",145.16,976.47,47.64,138.25,165.1,71.96,39.05,64.25,88.82,145.56,42.05,49.25
"15-06-2017",144.29,964.17,48.12,137.52,164.11,72.14,38.9,63.81,89.79,145.21,42.36,49.19
"16-06-2017",142.27,987.71,48.21,137.84,162.42,72.42,39.19,63.79,89.82,145.51,42.56,49.5
"19-06-2017",146.34,995.17,48.89,140.35,165.09,72.06,39.63,63.95,89.41,146.15,42.44,49.49
"20-06-2017",145.01,992.59,48.77,140.91,166.29,72.56,39.355,63.39,89.26,144.74,41.48,48.64
"21-06-2017",145.87,1002.23,48.57,144.24,171.35,72.4,38.985,63.22,89.24,143.48,41.25,49.28
"22-06-2017",145.63,1001.3,49.27,143.69,173.82,71.79,38.66,63.05,88.31,144.25,41.03,50.02
"23-06-2017",146.28,1003.74,49.08,145.41,172.5,71.55,38.8,63.02,88.08,144.94,41.16,51.3
"26-06-2017",145.82,993.98,48.91,144.96,173.67,71.87,38.755,63.18,88.42,144.91,41.3,50.87
"27-06-2017",143.73,976.78,48.67,142.54,170.85,70.72,38.885,63.41,88.17,143.83,41,50
"28-06-2017",145.83,990.33,48.48,143.81,174.07,70.15,39.155,63.84,88.58,144.84,41.14,50.63
"29-06-2017",143.68,975.93,48.73,141.24,172.59,69.6,38.8,63.5,88.13,141.77,40.63,50.24
"30-06-2017",144.02,968,48.61,141.44,172.23,69.47,38.84,62.52,88.44,143.06,41.38,49.81
"03-07-2017",143.5,953.66,48.71,138.41,172.8,69,39.21,63.29,88.63,144.29,41.46,50.09
"04-07-2017",143.5,953.66,48.71,138.41,172.8,69,39.21,63.29,88.63,144.29,41.46,50.09
"05-07-2017",144.09,971.4,49,141.21,174.26,68.82,39.15,62.78,88.81,142.61,41.8,50.95
"06-07-2017",142.73,965.14,47.94,140.75,171.72,69.02,38.765,63.08,88.72,142.13,41.1,49.36
"07-07-2017",144.18,978.76,48.44,142.22,171.43,69.15,38.99,63.35,89.19,144.01,41.24,49.24
"10-07-2017",145.06,996.47,48.23,143.34,172.2,68.89,38.825,63.07,88.85,143.5,40.81,49.65
"11-07-2017",145.53,994.13,48.15,142.93,173.32,68.84,38.82,62.91,87.94,142.77,40.29,49.83
"12-07-2017",145.74,1006.51,48.43,145.91,173.27,68.99,38.825,63.19,88.2,143.73,40.9,50.55
"13-07-2017",147.77,1000.63,48.08,145.05,175.04,68.28,38.95,64.13,88.6,144.37,41.38,50.08
"14-07-2017",149.04,1001.81,48.91,146.16,177.13,68.17,38.935,64.11,89.05,145.57,41.48,50.62
"17-07-2017",149.56,1010.04,48.76,146.4,177.4,68.55,38.875,64.05,88.49,145.55,41.6,51.77
"18-07-2017",150.08,1024.45,48.74,147.89,177.48,68.36,38.935,63.87,88.88,145.24,41.18,51.53
"19-07-2017",151.02,1026.87,49.43,148.92,179.18,68.65,38.945,64.19,89.25,146.21,41.28,52.1
"20-07-2017",150.34,1028.7,50.85,149.94,179.32,68.7,38.84,64.23,89.22,146.01,41.42,52.36
"21-07-2017",150.27,1025.67,50.84,149.52,180.21,69.98,38.785,64.2,89.16,145.64,41.26,52.13
"24-07-2017",152.09,1038.95,50.8,149.53,181.06,69.19,38.81,64.53,89.77,144.94,41.38,52.37
"25-07-2017",152.74,1039.87,50.83,148.21,180.89,68.84,39.03,65.29,90.21,145.04,41.96,53.28
"26-07-2017",153.46,1052.8,50.4,149.78,175.89,69.45,38.675,65.19,89.4,143.9,41.71,45.49
"27-07-2017",150.56,1046,50.11,146.2,172.15,70.67,38.56,65.17,89.68,143.65,41.78,46.01
"28-07-2017",149.5,1020.04,49.61,146.73,174.54,70.43,39.69,65.27,90.5,143.49,41.78,46.89
"31-07-2017",148.73,987.78,49.18,146.49,174.51,70.54,39.875,65.45,91,142.15,42.18,47.14
"01-08-2017",150.05,996.19,49.15,147.36,174.13,70.62,40.445,65.48,91,148.92,43.3,47.53
"02-08-2017",157.14,995.89,49.23,147.13,174.46,70.93,40.58,65.9,94.16,148.11,42.49,47.51
"03-08-2017",155.57,986.92,49.16,147.79,174.18,71.2,40.485,66.06,93.93,146.92,42.62,48.04
"04-08-2017",156.39,987.58,49.26,147.71,173.85,70.88,40.58,65.08,94.22,147.22,42.59,47.87
"07-08-2017",158.81,992.27,49.3,148.44,174.58,71.39,40.55,64.98,94.24,147.3,42.44,47.31
"08-08-2017",160.08,989.84,48.88,147.81,173.69,71.35,40.62,64.57,94.21,145.85,42.24,47.27
"09-08-2017",161.06,982.01,48.77,148.35,173.55,70.96,40.885,64.01,94.7,146.25,42.49,47.4
"10-08-2017",155.32,956.92,48.06,144.92,169.11,71.36,40.41,63,94.16,145.02,42.12,46.31
"11-08-2017",157.48,967.99,48.54,146.47,169.43,70.56,40.375,62.65,93.95,144.6,41.26,46.37
"14-08-2017",159.85,983.3,49.08,149.16,171.67,71.05,40.625,62.88,94.42,146.64,41.95,46.82
"15-08-2017",161.6,982.74,48.82,150.36,170.04,71.52,40.63,63.03,94.38,146.81,42.05,46.34
"16-08-2017",160.95,978.18,49.81,151.8,171.39,72.02,40.41,62.97,94.38,148.08,42.15,46.29
"17-08-2017",157.86,960.57,49.29,148.23,167.81,72,39.915,61.67,93.33,145.54,41.67,45.4
"18-08-2017",157.5,958.47,48.74,147.97,167.29,72.16,39.92,61.34,92.92,145.76,41.27,45.36
"21-08-2017",157.21,953.29,48.88,149.26,168.16,72.67,39.855,61.29,92.72,145.15,41.56,44.91
"22-08-2017",159.78,966.9,49.71,152.25,170.07,72.81,40.085,61.22,93.77,145.95,41.72,45.81
"23-08-2017",159.98,958,49.64,151.1,169,73.31,40.03,60.77,93.18,145.16,41.77,45.42
"24-08-2017",159.27,952.45,49.38,150.81,169.95,73.39,40.195,60.23,91.54,145.23,41.08,45.23
"25-08-2017",159.86,945.26,49.35,151.45,169.74,73.57,40.455,60.78,92.02,146.01,41.75,44.98
"28-08-2017",161.47,946.02,50.26,151.79,171.78,74.1,40.4,60.66,90.65,145.78,41.77,45.14
"29-08-2017",162.91,954.06,50.15,152.14,172.23,73.94,40.855,60.21,90.82,145.37,41.74,45.71
"30-08-2017",163.35,967.59,50.11,153.67,173.65,73.75,41.03,60.2,90.07,145.51,41.86,46.47
"31-08-2017",164,980.6,50.94,155.16,177.77,73.63,41.275,60.48,90.5,145.37,41.32,47.15
"01-09-2017",164.05,978.25,51.18,155.06,178.71,73.54,41.45,60.7,89.78,145.65,42.2,47.08
"04-09-2017",164.05,978.25,51.18,155.06,178.71,73.54,41.45,60.7,89.78,145.65,42.2,47.08
"05-09-2017",162.08,965.27,51.03,154.28,176.74,74.09,40.76,59.65,86.49,144.47,41.94,46.17
"06-09-2017",161.91,967.8,51.19,153.76,178.38,73.3,40.84,59.47,87.5,144.5,42.4,46.89
"07-09-2017",161.26,979.47,51.49,155.47,180.71,73.83,40.275,58.27,86.45,144.37,42.59,46.8
"08-09-2017",158.63,965.9,52.02,155.34,180.64,74.19,40.59,59.78,89.61,144.97,42.37,46
"11-09-2017",161.5,977.96,52.45,156.87,186.49,74.55,41.235,60.77,91.23,149.18,42.79,46.47
"12-09-2017",160.86,982.58,52.25,156.31,191,73.11,41.12,61.2,91.87,149.28,43.21,46.8
"13-09-2017",159.65,999.6,52,156.24,189.7,72.59,41.02,60.74,90.94,149.2,43.29,46.68
"14-09-2017",158.28,992.21,51.69,154.95,189.44,72.9,41.055,59.81,90.5,150.07,43.45,46.6
"15-09-2017",159.88,986.79,51.76,154.49,187.47,73.03,41.405,59.62,90.88,150.13,43.84,47.34
"18-09-2017",158.67,974.19,52.08,155.77,186.47,72.27,41.575,59.39,90.48,150.95,44.09,47.57
"19-09-2017",158.73,969.86,51.41,156.6,186.32,71.98,41.82,59.49,91.14,150.5,43.89,47.69
"20-09-2017",156.07,973.21,51.89,149.96,188.17,71.68,41.96,60.12,91.38,150.98,43.32,47.67
"21-09-2017",153.39,964.65,51.43,149.3,186.64,71.45,41.815,60.5,90.67,151.05,43.29,47.52
"22-09-2017",151.89,955.1,52.51,148.5,185.76,70.57,41.97,60.71,90.53,150.26,43.38,48.33
"25-09-2017",150.55,939.79,52.61,144.57,186.29,71.04,42.13,61.01,91.04,151.53,43.57,47.92
"26-09-2017",153.14,938.6,52.85,145.4,185.6,71.19,41.77,60.47,90.73,150.98,43.52,47.83
"27-09-2017",154.23,950.87,52.15,146.43,184.88,70.31,41.89,61.25,90.89,151.32,43.05,47.75
"28-09-2017",153.28,956.4,53.64,146.83,185.46,70.5,41.15,60.97,91.29,151.34,42.75,47.68
"29-09-2017",154.12,961.35,53.36,149.18,186.45,70.24,40.695,61.39,91.91,151.22,42.51,48.72
"02-10-2017",153.81,959.19,53.68,147.94,187.17,70.43,40.985,61.86,92.38,152.2,42.62,50
"03-10-2017",154.48,957.1,53.75,148.6,187.23,70.29,41.115,61.63,92.1,153.19,42.72,50.5
"04-10-2017",153.48,965.45,54.34,147.95,188.59,71.52,41.06,61.58,92.86,152.9,43.03,50.5
"05-10-2017",155.39,980.85,54.92,150.25,186.85,71.49,41.245,61.98,93.19,153.31,43.35,50.78
"06-10-2017",155.3,989.58,55,151.12,185.82,71.53,41.135,62.26,93.29,153.3,43,50.63
"09-10-2017",155.84,990.99,54.66,151.5,185.46,71.74,41.29,61.78,93.2,152.74,42.61,50.31
"10-10-2017",155.9,987.2,55.4,152.15,185.79,72.39,41.81,61.78,93.33,153.19,43.01,51.03
"11-10-2017",156.55,995,54.44,153.65,184.15,72.76,41.94,61.84,93.09,152.93,43.29,50.52
"12-10-2017",156,1000.93,54.71,153.61,182.76,73.34,41.97,62.55,92.54,153.34,43.44,50.52
"13-10-2017",156.99,1002.94,54.65,153.93,183.01,73.16,42.005,63.16,92.34,153.46,44,50.76
"16-10-2017",159.88,1006.34,54.63,150.46,181.9,73.12,42.09,63.98,92.46,153.22,43.7,50.73
"17-10-2017",160.47,1009.13,55.06,150.38,186.19,73.2,41.88,63.63,91.41,153.47,43.67,50.58
"18-10-2017",159.76,997,55.77,153,186.28,73.01,41.88,63.44,91.25,153.2,43.31,51
"19-10-2017",155.98,986.61,56,171.73,184.12,73.83,42.225,65.07,92.73,152.86,43.31,51.65
"20-10-2017",156.25,982.91,56.32,175.64,182.96,73.98,41.925,64.87,92.97,154.22,43.49,51.87
"23-10-2017",156.17,966.3,56.08,172.16,180.53,73.92,42.16,64.96,92.97,153.6,43.57,51.46
"24-10-2017",157.1,975.9,55.38,171.58,180.37,73.97,42.28,65.13,93.64,153.85,43.73,51.91
"25-10-2017",156.41,972.91,55.49,171.83,177.5,73.58,42.035,65.1,93.28,154.59,43.44,54
"26-10-2017",157.41,972.43,55.48,173.75,176.52,73.76,41.815,64.85,93.96,161.39,43.01,53.34
"27-10-2017",163.05,1100.95,55.37,177.33,175.28,74.02,41.97,64.55,93.73,160.88,43.07,53
"30-10-2017",166.72,1110.85,54.29,176.03,174.59,74.17,41.915,64.78,94.07,159.95,42.81,52.46
"31-10-2017",169.04,1105.28,54.23,175.16,175.22,74.41,41.945,64.61,93.86,159.43,40.87,52.25
"01-11-2017",166.89,1103.68,54,176.25,175.42,74.01,42.145,64.66,94.25,159.92,40.62,52.69
"02-11-2017",168.11,1094.22,54.37,180.94,172.41,73.72,42.205,64.98,97.85,159.41,40.16,52.29
"03-11-2017",172.5,1111.6,55.47,182.3,173.44,74.08,41.99,62,97.84,159.25,39.78,53.01
"06-11-2017",174.25,1120.66,55.01,180.8,170.8,73.73,42.285,62.49,99.09,158.8,39.27,53.74
"07-11-2017",174.81,1123.17,55.16,180.88,173.48,75.19,41.905,62.13,99.18,159.77,39.54,53.76
"08-11-2017",176.24,1132.88,55.25,184.06,173.58,75.52,41.995,61.67,99.09,160.94,39.8,53.76
"09-11-2017",175.88,1129.13,55.45,181.92,174,75.49,42.04,62.24,98.95,160.55,39.6,53.85
"10-11-2017",174.67,1125.35,54.8,181.72,172.35,74.78,41.72,62.06,99.12,160.3,39.93,54.26
"13-11-2017",173.97,1129.17,55.3,181.85,171.5,76.13,42.2,62,99.44,162.76,39.74,53.52
"14-11-2017",171.34,1136.84,55.01,181.32,170.13,77.39,42.135,61.46,99.94,162.15,39.79,53.75
"15-11-2017",169.08,1126.69,54.83,180.08,169.38,76.59,42.22,61.14,100.38,160.86,38.96,54.01
"16-11-2017",171.1,1137.29,55.54,182.3,170.77,76.76,42.155,60.06,99.57,161.18,39.19,55.26
"17-11-2017",170.15,1129.88,55.56,182.24,170,76.38,41.925,60.06,100.17,161.58,39.42,55.44
"20-11-2017",169.98,1126.31,55.29,182.34,168.79,76.44,42.34,59.69,100.32,161.57,39.2,55.38
"21-11-2017",173.14,1139.49,56.12,184.15,169.84,76.77,42.54,59.63,99.7,162.29,39.34,55.68
"22-11-2017",174.96,1156.16,55.8,182.9,169.96,76.59,42.525,59.23,99.3,161.62,39.24,55.69
"23-11-2017",174.96,1156.16,55.8,182.9,169.96,76.59,42.525,59.23,99.3,161.62,39.24,55.69
"24-11-2017",174.97,1186,56.13,184.46,170.12,76.47,42.5,59.03,99.08,161.56,39.14,55.79
"27-11-2017",174.09,1195.83,56.15,185,169.71,76.74,42.72,58.76,99.41,160.94,39.07,55.35
"28-11-2017",173.07,1193.6,56.02,185.4,170.26,77.02,43.135,59.82,100.89,163.24,39.09,55.36
"29-11-2017",169.48,1161.27,55.58,176.85,172.23,77.14,43.595,60.3,101.96,162.62,39.77,55.34
"30-11-2017",171.85,1176.75,56.37,181.47,175.66,77.63,43.82,59.96,102.66,163.04,39.88,55.78
"01-12-2017",171.05,1162.35,55.98,179.52,177.2,77.24,43.8,59.88,103.1,161.64,40.83,55.79
"04-12-2017",169.8,1133.95,54.71,168.44,178.69,77.39,44.07,59.26,103.62,162.4,41.2,56.44
"05-12-2017",169.64,1141.57,54.79,167.54,178.67,76.27,43.92,59.53,102.84,161.98,40.84,56.44
"06-12-2017",169.01,1152.35,54.66,173.52,176.22,76.73,43.805,60.03,102.65,160.42,41.22,55.77
"07-12-2017",169.32,1159.79,54.69,174.61,173.96,76.61,43.97,59.55,102.11,160.98,41.31,56.44
"08-12-2017",169.37,1162,54.64,173.57,175.41,76.93,44.08,59.51,102.5,160.92,41.51,56.5
"11-12-2017",172.67,1168.92,54.94,174.31,176.83,77.08,44.24,59.79,102.37,163.12,41.9,56.55
"12-12-2017",171.7,1165.08,55.7,172.54,176.26,76.02,44.38,59.93,103.54,162.89,41.77,57.02
"13-12-2017",172.27,1164.13,55.06,176.83,177.38,76.51,44.245,58.97,103.32,162.49,40.05,56.66
"14-12-2017",172.22,1174.26,54.73,175,174.92,76.29,44.21,58.11,102.65,160.53,39.57,56.76
"15-12-2017",173.97,1179.14,55.5,177.51,177.04,76.54,44.63,59.39,103.97,160.42,40.56,57.76
"18-12-2017",176.42,1190.58,56.4,176.74,176.14,75.5,44.145,59.58,104.16,162.14,40.22,65.67
"19-12-2017",174.54,1187.38,56.8,174.97,176.87,74.51,43.99,59.78,104.38,162.52,40.13,66.82
"20-12-2017",174.35,1177.62,57.02,174.25,177.11,74.5,43.68,60,104.42,162.83,39.87,66.63
"21-12-2017",175.01,1174.76,56.93,174.56,176.68,73.74,43.555,60.08,104.21,163.16,40.09,65.84
"22-12-2017",175.01,1168.36,56.93,175,176.42,73.65,43.605,59.31,104.11,163.42,40.19,65.45
"25-12-2017",175.01,1168.36,56.93,175,176.42,73.65,43.605,59.31,104.11,163.42,40.19,65.45
"26-12-2017",170.57,1176.76,57,174.44,176.09,72.99,43.82,59.43,104.34,163,40.26,65.42
"27-12-2017",170.6,1182.26,57.47,175.36,176.21,73.24,43.855,59.54,104.6,163.67,40.24,65.19
"28-12-2017",171.08,1186.1,57.46,175.55,175.25,73.65,44.115,60,104.91,164.62,40.27,65.43
"29-12-2017",169.23,1169.47,57.07,175.24,173.9,73.57,43.89,59.58,104.71,164.08,40.08,65.04
"01-01-2018",169.23,1169.47,57.07,175.24,173.9,73.57,43.89,59.58,104.71,164.08,40.08,65.04
"02-01-2018",172.26,1189.01,58.79,177.7,177,72.41,43.985,59.5,101.92,165.51,40.09,65.56
"03-01-2018",172.23,1204.2,58.92,181.04,180.34,71.8,44.115,60.16,101.98,166.41,39.78,65.94
"04-01-2018",173.03,1209.59,58.82,183.22,179.58,70.95,44.57,60.4,100.8,167.05,40.45,65.6
"05-01-2018",175,1229.14,58.99,185.34,180.65,70.8,44.865,60.65,101.87,168.45,40.18,65.83
"08-01-2018",174.35,1246.87,58.82,185.04,180.6,71.42,44.98,60.25,101.39,168.63,40.09,65.88
"09-01-2018",174.33,1252.7,58.92,186.7,183.38,70.58,45,60.63,100.94,169.06,40.22,67.49
"10-01-2018",174.29,1254.33,58.83,187.11,182.86,69.5,45.37,61,100.43,168.35,39.91,66.33
"11-01-2018",175.28,1276.68,58.95,188.92,181.96,68.73,45.845,61.15,100.78,169.97,40.56,65.21
"12-01-2018",177.09,1305.2,58.84,195.05,185.04,67.46,42.47,60.97,102.11,170.15,40.5,65.52
"15-01-2018",177.09,1305.2,58.84,195.05,185.04,67.46,42.47,60.97,102.11,170.15,40.5,65.52
"16-01-2018",176.19,1304.86,58.44,192.46,185.54,67.5,43.195,61.06,102.13,166.75,40.78,64.5
"17-01-2018",179.1,1295,58.99,196.49,188.01,68.25,43.91,61.42,103.94,168.56,40.91,65.4
"18-01-2018",179.26,1293.32,59.07,196.2,187.59,67.8,43.22,61.53,104,166.9,40.48,65.08
"19-01-2018",178.46,1294.58,59.31,195.73,189.28,67.76,43.41,61.55,103.7,167.8,40.96,65.63
"22-01-2018",177,1327.31,59.57,197.84,192.33,68.13,43.845,61,104.43,168.6,42.75,65.65
"23-01-2018",177.04,1362.54,59.23,200.09,191.99,68.77,44.04,62.34,101.25,169.6,42.61,66
"24-01-2018",174.22,1357.51,61.72,197.78,190.63,68.48,44.215,64.32,99.87,170.81,42.84,66.02
"25-01-2018",171.11,1377.95,63.22,197.51,190.08,69.7,44.71,64.8,100.73,174,42.89,66.87
"26-01-2018",171.51,1402.05,63.42,201.3,196.01,68.75,45.495,64.68,100.53,169.85,43.59,67.62
"29-01-2018",167.96,1417.68,63.31,198.23,198,67.9,44.775,64.26,98.04,166.67,43.11,67.25
"30-01-2018",166.97,1437.82,62.44,196.9,191.27,68.35,44.285,63.35,98.45,168.3,42.48,66.56
"31-01-2018",167.43,1450.89,62.16,199.76,186.05,68.78,44.1,63.92,98.77,168.37,42.95,66.99
"01-02-2018",167.78,1390,62.18,199.38,185.56,67.84,44.845,64.17,98.72,166.79,42.46,67.56
"02-02-2018",160.5,1429.95,61.69,195.64,187.01,67.75,44.475,63.04,97.94,162.84,41.43,65.72
"05-02-2018",156.49,1390,58.73,190.27,174.75,66.48,43.105,60.63,95.02,156.33,40.6,62.81
"06-02-2018",163.03,1442.84,58.86,194.47,176.65,64.91,42.81,60.26,96.6,160.22,42,63.67
"07-02-2018",159.54,1416.78,58.67,192.34,177.47,64.45,42.8,60.47,96.87,158.21,42.19,64.48
"08-02-2018",155.15,1350.5,56.27,185.16,173.12,63.38,41.625,58.28,90.06,152.8,41.35,62.49
"09-02-2018",156.41,1339.6,57.17,187.99,173.46,64.72,42.385,60.22,90.89,158.09,41.49,64.13
"12-02-2018",162.71,1386.23,57.41,192.15,174.87,64.8,42.565,59.61,90.73,159.68,41.27,64.93
"13-02-2018",164.34,1414.51,57.64,193.48,175.94,65.58,43.035,59.43,92.13,159.44,41.34,64.49
"14-02-2018",167.37,1451.05,58.28,197.13,179.52,65.3,43.825,59.41,95.03,161.27,41.82,66.87
"15-02-2018",172.99,1461.76,59.5,202.97,183.6,66.68,44.21,59.23,94.52,163.6,43.2,67.4
"16-02-2018",172.43,1448.69,60.17,201.56,183.55,67.26,44.825,59.47,95.04,163.63,43.13,66.89
"19-02-2018",172.43,1448.69,60.17,201.56,183.55,67.26,44.825,59.47,95.04,163.63,43.13,66.89
"20-02-2018",171.85,1468.35,59.12,202.98,182.98,66.37,44.46,60.04,93.65,162.91,42.57,66.77
"21-02-2018",171.07,1482.92,58.99,202.09,182.43,65.58,44.44,60.18,93.41,160.76,42.12,66.32
"22-02-2018",172.5,1485.34,58.99,202.61,182.45,65.68,44.265,59.96,92.8,162.57,41.76,66.25
"23-02-2018",175.5,1500,59.71,209.74,186.67,67.37,44.785,60.07,94.37,164.27,42.57,67.36
"26-02-2018",178.97,1521.95,60.53,212.15,188.5,66.97,45.38,59.01,95.75,165.44,42.17,68.6
"27-02-2018",178.39,1511.98,60.55,208.82,185.79,65.95,44.995,58.23,94.01,163.61,41.64,68.24
"28-02-2018",178.12,1512.45,60.33,209.13,183.77,65.58,44.44,57.34,92.26,160.79,41.52,67.46
"01-03-2018",175,1493.45,58.79,206.03,183.29,65.62,43.83,56.47,92.06,160.83,41.25,67.92
"02-03-2018",176.21,1500.25,59.46,209.79,185.08,65.18,43.755,56.51,91.61,159.77,42.2,69.43
"05-03-2018",176.82,1523.61,60.37,211.16,190.13,66.49,44.125,57.62,92.89,163.28,42.72,69.81
"06-03-2018",176.67,1537.64,60.88,212.01,190.35,65.5,44.39,58.03,93.43,164.2,43.12,69.94
"07-03-2018",175.03,1545,61.29,216.86,187.53,64.92,44.385,57.31,93.39,164.53,43.03,69.99
"08-03-2018",176.94,1551.86,61.87,216.4,187.16,65.3,44.995,56.27,94.33,167.08,43.29,75.08
"09-03-2018",179.98,1578.89,63.6,221.11,191.1,65.65,45.84,56.57,96.03,171.1,43.3,76.07
"12-03-2018",181.72,1598.39,63.62,220.94,189.3,65.87,45.415,56.61,94.85,170.88,44.53,74.97
"13-03-2018",179.97,1588.18,63.2,219.76,189.75,66.04,45.375,55.94,96.41,170.93,44.24,73.3
"14-03-2018",178.44,1591,62.86,218.44,190.57,66.59,45.105,54.93,96.41,168.98,43.77,73.25
"15-03-2018",178.65,1582.32,62.59,218.87,189.75,66.99,45.01,54.66,96.81,169.08,43.26,74.71
"16-03-2018",178.02,1571.68,63.18,225.55,188.24,67.81,45.245,54.3,97.53,169.56,43.5,74.02
"19-03-2018",175.3,1544.93,62.26,222.18,182.55,67.45,44.7,54.45,96.78,166.68,43.06,72.49
"20-03-2018",175.24,1586.51,62.65,229.75,182.03,67.45,45.43,55.63,97.39,165.66,42.97,73.68
"21-03-2018",171.27,1581.86,62.42,226.85,181.59,66.91,45.37,55.84,96.84,166.24,42.62,73.39
"22-03-2018",168.85,1544.92,60.93,220.52,176.08,67.36,44.37,54.81,94.65,161.19,41.94,71.65
"23-03-2018",164.94,1495.56,59.5,215.02,169.43,66.39,43.35,53.41,92.25,158.04,42.05,70.19
"26-03-2018",172.77,1555.86,61.07,228.91,175.19,67.31,44.09,54.21,94.52,160.94,42.83,72.18
"27-03-2018",168.34,1497.05,60.28,213.8,171.15,68.43,43.48,53.78,93.39,158.63,42.87,70.75
"28-03-2018",166.48,1431.42,59.23,212.54,170.46,68.66,43.55,54.52,94.61,158.18,42.8,70.05
"29-03-2018",167.78,1447.34,59.92,216.08,170.48,68.59,43.76,54.42,94.8,159.03,43.37,70.98
"30-03-2018",167.78,1447.34,59.92,216.08,170.48,68.59,43.76,54.42,94.8,159.03,43.37,70.98
"02-04-2018",166.68,1371.99,58.21,212.28,166.05,68.28,42.97,53.12,93.7,156.55,42.27,69.25
"03-04-2018",168.39,1392.05,59,215.93,168.22,68.45,43.69,53.73,95.12,159.28,43.12,70.12
"04-04-2018",171.61,1410.57,59.46,225.05,173.52,68.67,44.24,54.22,96.53,162.13,43.9,70.41
"05-04-2018",172.8,1451.75,59.86,223.54,172,68.94,43.7,54.55,97.13,164.11,44.43,72.29
"06-04-2018",168.38,1405.23,57.57,218.61,168.14,68.53,43.37,53.6,95.9,159.96,44.33,69.34
"09-04-2018",170.05,1406.08,58.22,219.17,169.62,68.71,43.59,53.3,95.78,160.23,44.22,70.46
"10-04-2018",173.25,1436.22,59.14,224.53,173.13,67.87,44.38,53.52,97.12,163.19,44.14,72.49
"11-04-2018",172.44,1427.05,58.45,223.63,172.41,67.79,44.19,53.36,96.2,161.61,44.13,71.59
"12-04-2018",174.14,1448.5,58.83,226.96,171.02,66.64,44.65,53.49,96.75,163.04,45.3,71.92
"13-04-2018",174.73,1430.79,58.49,224.06,171.48,67.34,44.56,53.59,96.36,162.97,45.2,71.43
"16-04-2018",175.82,1441.5,59.27,226.52,171.38,68.27,44.77,54.28,97.53,165.43,45.47,71.64
"17-04-2018",178.24,1503.83,59.8,231.16,174.88,68.86,45.18,54.26,97.75,168.14,45.69,72.49
"18-04-2018",177.84,1527.84,59.52,231.1,175.11,68.73,45.02,54.46,97.79,168.37,45.65,72.85
"19-04-2018",172.8,1556.91,59.88,227.62,172.93,68.52,45.23,55.18,97.98,166.8,45.79,72.46
"20-04-2018",165.72,1527.49,59.19,225.24,171.56,68.46,45.28,55.43,98.31,166.27,45.5,71.3
"23-04-2018",165.24,1517.86,58.84,225.3,174.66,68.44,45.3,55.18,98.61,166.11,45.49,71.67
"24-04-2018",162.94,1460.09,58.31,217.89,171.94,68.88,45.17,55.09,97.39,164,45.16,70.97
"25-04-2018",163.65,1460.17,58.65,217.32,174.83,69.09,45.41,55.4,97.49,165.57,45.84,70.78
"26-04-2018",164.22,1517.96,59.5,221.91,175.37,69.77,45.68,55.54,97.53,166.29,45.85,71.53
"27-04-2018",162.32,1572.62,59.56,221.9,177.46,70.55,45.89,56.25,98.19,165.02,46.05,71.1
"30-04-2018",165.26,1566.13,58.13,221.6,174.48,69.98,45.57,56,97.82,162.29,45.38,71.65
"01-05-2018",169.1,1582.26,58.82,224.08,169.28,69.44,45.4,56.31,98.2,162.49,45.03,70.84
"02-05-2018",176.57,1569.68,57.85,221.1,169.43,69.19,45.05,54.84,94.06,161.69,44.43,71.65
"03-05-2018",176.89,1572.075,57.93,226.05,166.39,69.24,44.45,51.94,94.05,160.43,43.6,71.45
"04-05-2018",183.83,1580.95,58.74,228.51,167.98,69.39,44.81,52.84,94.52,162.76,43.86,72.01
"07-05-2018",185.16,1600.14,59.32,230.99,168.06,68.78,44.59,53.28,95.06,163.45,43.69,73.12
"08-05-2018",186.05,1592.39,58.71,234.56,168.49,67.25,44.82,53.08,95.71,163.51,43.95,73.68
"09-05-2018",187.36,1608,59.4,239.74,169.64,66.27,44.75,52.82,96.41,164.89,43.7,77.3
"10-05-2018",190.04,1609.08,60.56,241.15,170.77,67.02,45.35,52.75,96.1,165.59,43.9,76.36
"11-05-2018",188.59,1602.91,61.26,241.88,173.89,67.16,45.23,52.85,96.38,166.29,43.98,76.3
"14-05-2018",188.15,1601.54,62.02,238.37,175.96,67.11,45.24,52.92,95.46,166.76,44.42,76.69
"15-05-2018",186.44,1576.12,60.54,236.6,172.34,66.81,45.1,53.23,95.86,166.08,44.41,76.29
"16-05-2018",188.18,1587.28,60.77,237.39,173.8,66.15,45.41,53.71,95.62,166.54,44.52,74.59
"17-05-2018",186.99,1581.76,61.06,236.85,174.65,65.22,45.53,54.79,95,166.77,44.91,76.09
"18-05-2018",186.31,1574.37,61.71,238.09,176.3,64.93,45.39,55.15,94.92,168.24,45.02,75.34
"21-05-2018",187.63,1585.46,62.11,238.1,176.47,65.09,45.75,55.29,95.61,169.44,45.17,76.46
"22-05-2018",187.16,1581.4,61.39,238.79,178.36,65.44,45.58,55.12,95.88,167.71,44.91,76.39
"23-05-2018",188.36,1601.86,61.84,243.91,179.94,66.47,45.31,54.14,95.59,166.99,44.8,77.02
"24-05-2018",188.15,1603.07,62.51,245.15,177.96,66.84,45.31,53.71,95.52,166.09,44.81,77.48
"25-05-2018",188.58,1610.15,62.37,243.56,178.24,67.22,45.34,53.3,95.45,165,44.55,76.51
"28-05-2018",188.58,1610.15,62.37,243.56,178.24,67.22,45.34,53.3,95.45,165,44.55,76.51
"29-05-2018",187.9,1612.87,61.3,242.19,177.44,67.62,44.57,52.18,94.24,161.8,43.79,75.82
"30-05-2018",187.5,1624.89,62.07,247.4,180.24,68,45.56,53.07,94.37,163.03,44.28,76.08
"31-05-2018",186.87,1629.62,61.53,249.28,179.62,67.95,45.06,52.79,93.48,161.41,43.72,75.38
"01-06-2018",190.24,1641.54,62.41,251.31,183.57,66.68,45.4,53.29,93.86,163.54,43.82,76
"04-06-2018",191.83,1665.27,63.02,253.34,185.44,66.05,45.43,53.78,94.25,163.53,44.09,77.07
"05-06-2018",193.31,1696.35,63.03,252.7,181.73,65.29,45.45,53.84,93.7,164.87,44.23,78.99
"06-06-2018",193.98,1695.75,63.54,253.95,183.55,63.81,45.7,53.94,93.01,167.73,44.79,78.01
"07-06-2018",193.46,1689.3,63.18,247.51,183.3,64.15,45.68,53.87,93.2,167.72,44.69,78.28
"08-06-2018",191.7,1683.99,63.27,251.21,184.3,64.11,45.89,55.12,93.71,168.51,44.85,78.48
"11-06-2018",191.23,1689.12,63.13,251,184.61,62.93,45.75,55.13,93.62,168.44,45.51,79.26
"12-06-2018",192.28,1698.75,62.92,252.59,185.07,63.57,45.74,54.56,93.5,168,45.1,80.57
"13-06-2018",190.7,1704.86,62.63,256.13,183.68,63.46,45.68,54.7,93.27,166.09,45.28,80.95
"14-06-2018",190.8,1723.86,62.96,258.1,185.79,64.62,45.68,54.8,92.8,165.72,45.24,80.86
"15-06-2018",188.84,1715.97,62.91,251.82,185.01,65.05,45.75,55.21,93.81,164.18,46.03,81.97
"18-06-2018",188.74,1723.79,62.82,255.69,183.95,65.46,45.17,55.55,92.99,163.34,46.19,82.58
"19-06-2018",185.69,1734.78,62.34,251.74,186.19,66.87,45,55.5,93.48,159.55,46.07,81.68
"20-06-2018",186.5,1750.08,62.14,251.24,186.51,66.9,44.72,55.21,92.18,157.58,46.17,82.3
"21-06-2018",185.46,1730.22,61.75,248.83,185.99,67.47,44.43,54.25,92.23,156.47,46,81.69
"22-06-2018",184.92,1715.67,61.94,243.63,185.15,67.35,44.19,54.46,92.24,158.08,46.53,80.32
"25-06-2018",182.17,1663.15,60.77,239.68,185.36,69.03,44.08,54.22,91.63,155.76,46.26,77.65
"26-06-2018",184.43,1691.09,60.81,242.25,184.59,69.3,44,53.64,92.22,155.86,46.23,75.72
"27-06-2018",184.16,1660.51,60.49,237.68,183.53,69.85,43.41,52.88,90.31,155.16,46.27,72.46
"28-06-2018",185.5,1701.45,61.27,239.81,183.34,69.34,43.21,53.23,91.35,156.03,46.19,72.48
"29-06-2018",185.11,1699.8,60.99,243.81,184.59,69.25,43.02,53.02,91.27,155.73,45.83,73.23
"02-07-2018",187.18,1713.78,61,243.26,185.29,70.05,42.89,53.36,91.67,155.49,45.23,74.44
"03-07-2018",183.92,1693.96,60.81,242.01,185.71,70.5,42.9,53.67,91.9,155,45.66,74.23
"04-07-2018",183.92,1693.96,60.81,242.01,185.71,70.5,42.9,53.67,91.9,155,45.66,74.23
"05-07-2018",185.4,1699.73,61.33,244.18,187.36,71.13,43.04,53.92,91.94,155.79,46.34,74.34
"06-07-2018",187.97,1710.63,62.16,248.19,191.01,71.56,42.91,54.37,92.16,156.64,46.71,75.17
"09-07-2018",190.58,1739.02,62.44,249.77,194.17,68.87,43.36,55.56,93.6,157.89,47.27,76.23
"10-07-2018",190.35,1743.07,62.81,248.63,195.69,69.78,43.22,55.46,93.36,159.66,47.94,75.83
"11-07-2018",187.88,1755,62.57,248.12,193.15,70.75,42.49,54.56,92.83,157.41,47.85,76.49
"12-07-2018",191.03,1796.62,62.74,254.87,194.08,70.38,42.48,54.3,92.9,157.92,47.9,77.67
"13-07-2018",191.33,1813.03,63.06,258.59,195.91,70.35,42.6,54.24,92.83,157.33,47.57,77.32
"16-07-2018",190.91,1822.49,61.78,254.68,194.88,70.42,42.78,54.77,93.46,155.55,47.17,77.68
"17-07-2018",191.45,1843.93,62.8,258.31,193.92,70.44,42.94,54.71,94.26,156.2,47.72,78.63
"18-07-2018",190.4,1842.92,64.75,259.78,192.8,70.24,43.26,55.13,95.76,155.94,47.31,78.12
"19-07-2018",191.88,1812.97,63.78,257.68,191.76,70.64,42.89,53.85,93.42,154.4,47.25,78.24
"20-07-2018",191.44,1813.7,63.32,257.54,190.49,70.41,43.06,53.32,93.42,154.35,47.12,78.91
"23-07-2018",191.61,1802,63.2,259.47,189.97,69.44,43.48,53.4,93.19,153.87,47.23,79.75
"24-07-2018",193,1829.24,64.4,257.49,191.4,69.06,43.68,53.7,93.23,155.29,47.3,79.22
"25-07-2018",194.82,1863.61,65.23,263.17,193.04,69.38,43.78,53.57,93.75,157.3,47.24,80.13
"26-07-2018",194.21,1808,65.66,261.93,194.05,71.04,44.41,54.25,94.76,161.55,47.71,80.73
"27-07-2018",190.98,1817.27,65.26,254.81,192.44,71.14,46.31,54.36,94.64,161.24,47.61,79.64
"30-07-2018",189.91,1779.22,65.17,242.32,190.63,70.4,46.33,54.94,94.59,161.23,47.35,75.29
"31-07-2018",190.29,1777.44,65.54,244.68,196.55,71.14,46.54,55.21,95.12,164.17,48.26,75.26
"01-08-2018",201.5,1797.17,64.78,248.01,195.84,70.3,46.73,54.99,94.65,162.04,48.11,71.63
"02-08-2018",207.39,1834.33,64.58,252.22,196.38,70.49,46.36,55.16,97.54,159.99,49.34,74.28
"03-08-2018",207.99,1823.29,65.23,253.28,197.99,71.18,46.59,53.65,98.05,159.96,49.95,74.61
"06-08-2018",209.07,1847.75,65.24,254.11,197.61,71.27,46.64,53.42,98.4,160.96,50.06,75.32
"07-08-2018",207.11,1862.48,64.74,253.39,200.4,71.24,46.7,52.99,98.77,160.92,50.25,75.67
"08-08-2018",207.25,1886.52,64.84,253.83,196.2,70.93,46.87,52.44,99.21,160.65,49.97,76.62
"09-08-2018",208.88,1898.52,64.64,253.8,193.97,70.98,46.76,52,99.48,160.48,50.24,76.84
"10-08-2018",207.53,1886.3,64.03,253.7,194.42,70.85,46.48,52.22,98.63,157.87,49.87,74.66
"13-08-2018",208.87,1896.2,63.43,253.54,195.61,70.94,46.3,52.1,98.16,162.44,49.32,72
"14-08-2018",209.75,1919.65,63.63,256.05,195.76,71.02,46.51,52.33,98.38,164.33,49.94,72.2
"15-08-2018",210.24,1882.62,63.47,250.52,195.26,71.77,46.29,52.1,98.84,164.21,49.44,71.69
"16-08-2018",213.32,1886.52,64.16,248.89,196.44,72.34,46.5,52.46,99.89,164.72,50.15,71.39
"17-08-2018",217.58,1882.22,64.72,245.7,197.42,72.5,46.76,52.58,100.02,166.61,50.55,71.44
"20-08-2018",215.46,1876.71,64.64,249.76,197.56,72.18,46.78,53.16,100.44,166.99,50.77,72.51
"21-08-2018",215.04,1883.42,64.75,251.5,197.31,71.65,46.92,53.8,101.44,166.1,50.74,72.78
"22-08-2018",215.05,1904.9,65.67,255.54,197.84,70.74,46.6,53.13,99.51,164.36,50.5,73.11
"23-08-2018",215.49,1902.9,65.83,257,196.6,71.36,46.39,52.61,99.15,164.42,50.51,73.07
"24-08-2018",216.16,1905.39,66.1,261.51,196.64,71.55,46.67,53.31,99.53,165.97,50.7,73.4
"27-08-2018",217.94,1927.68,66.84,262.4,198.6,71.16,46.97,54.22,100.42,167.29,50.78,74.51
"28-08-2018",219.7,1932.82,66.79,263.04,198.62,71.11,46.78,54.04,100.38,167.01,50.45,74.45
"29-08-2018",222.98,1998.1,67.13,268.36,199.75,71.7,46.94,53.9,100.58,168.29,50.4,75.23
"30-08-2018",225.03,2002.38,67.02,266.43,200.35,71.81,46.51,53.64,100.03,166.73,50.38,74.71
"31-08-2018",227.63,2012.71,66.84,263.51,199.81,71.73,46.24,53.17,100.57,166.29,50.4,75.14
"03-09-2018",227.63,2012.71,66.84,263.51,199.81,71.73,46.24,53.17,100.57,166.29,50.4,75.14
"04-09-2018",228.36,2039.51,67.11,266.68,196.73,72.26,46.57,53.37,100.95,164.34,50.08,74.74
"05-09-2018",226.87,1994.82,66,256.14,197.75,73.24,47.08,53.82,101.4,165.39,49.83,73.69
"06-09-2018",223.1,1958.31,65.83,259.75,196.15,73.33,46.89,53.9,101.1,166.06,49.41,74.28
"07-09-2018",221.3,1952.07,66.21,260.87,196.3,72.68,46.82,53.67,100.03,164.85,49.31,74.51
"10-09-2018",218.33,1939.01,66.55,265.37,202.5,73.4,46.77,52.72,97.85,166.06,49.7,76.75
"11-09-2018",223.85,1987.15,66.6,267,199.47,72.98,46.63,52.37,98.16,166.64,49.75,76.9
"12-09-2018",221.07,1990,66.97,267.79,199.5,72.51,46.31,52.32,97.58,166.24,49.89,76.01
"13-09-2018",226.41,1989.87,68.5,268.52,202.93,72.97,46.7,52.67,99.05,167.63,50,76.16
"14-09-2018",223.84,1970.19,68.42,274.69,200.58,72.6,47.21,53.25,99.99,168.61,50.04,75.8
"17-09-2018",217.88,1908.03,67.67,268.25,200.81,72.8,47.05,53.3,100.33,168.75,49.78,74.28
"18-09-2018",218.24,1941.05,68.41,270.79,202.34,72.43,47.26,53.95,101.15,168.69,49.62,74.33
"19-09-2018",218.37,1926.42,68.5,264.88,203.2,70.98,47.68,53.89,101.7,169.17,49.94,73.74
"20-09-2018",220.03,1944.3,68.79,266.34,205.1,71.08,47.89,54.32,102.03,170.42,50.33,74.17
"21-09-2018",217.66,1915.01,69.05,260.88,205.1,71.4,48.04,54.67,101.82,170.61,50.32,73.5
"24-09-2018",220.79,1934.36,71.44,264.09,207.21,70.64,47.7,54.65,100.38,169.85,49.62,72.87
"25-09-2018",222.19,1974.55,72.2,267.84,206.46,69.81,47.7,54.41,99.8,168.84,49.64,72.83
"26-09-2018",220.42,1974.85,72.84,268.47,206.83,68.97,47.04,54.05,98.85,167.8,49.35,72.51
"27-09-2018",224.95,2012.98,73.02,269.91,208.89,69.76,47.05,53.39,98.15,168.52,49.45,72.41
"28-09-2018",225.74,2003,73.36,269.95,207.29,70.88,47.07,53.24,98.7,167.05,50.27,73.15
"01-10-2018",227.26,2004.36,74.12,275.49,206.91,70.9,47.16,53.08,98.53,169.43,50.11,71.53
"02-10-2018",229.28,1971.31,73.81,272,207.67,71.35,47.09,53.12,98.85,170.22,50.41,69.41
"03-10-2018",232.07,1952.76,72.04,270.51,206.9,70.22,46.87,53.27,98.82,169.73,50.45,69.79
"04-10-2018",227.99,1909.42,71.82,263.71,203.47,70.56,46.6,53.9,99.44,169.7,50.46,66.32
"05-10-2018",224.29,1889.65,71.58,263.22,204.02,71.87,46.5,53.6,99.59,168.88,51.07,66.24
"08-10-2018",223.77,1864.42,71.44,254.69,205.57,72.85,47.13,54.05,100.09,169.28,51.79,65.38
"09-10-2018",226.87,1870.32,71.29,254.16,206,73.05,47.41,53.82,100.46,164.32,51.45,64.93
"10-10-2018",216.36,1755.25,68.92,237.91,201.2,72.7,46.33,52.39,96.87,160.6,50.14,62.5
"11-10-2018",214.45,1719.36,68.38,238.59,193.85,71.22,44.49,50.14,93.17,157.09,48.67,61.34
"12-10-2018",222.11,1788.61,69.33,248.87,197.39,70.9,44.05,49.77,93.16,158.27,48.83,63
"15-10-2018",217.36,1760.95,68.7,238.01,195.59,71.02,43.82,49.05,92.79,156.7,49.04,63.3
"16-10-2018",222.15,1819.96,70.95,260.67,202.34,71.7,44.18,49.3,95.14,159.69,49.3,65.2
"17-10-2018",221.19,1831.73,70.23,258.91,202.77,71.72,44.72,49.62,95.75,159.48,49.03,65.69
"18-10-2018",216.02,1770.72,68.14,250.35,202.72,71.68,44.2,48.61,96.61,156.69,49.21,64.5
"19-10-2018",219.31,1764.03,67.59,245.03,201.8,73.26,44.47,47.2,97.32,155.4,49.54,64.24
"22-10-2018",220.65,1789.3,68.52,251.06,198.02,73.15,44.28,44.96,96.74,153.3,48.91,65.18
"23-10-2018",222.73,1768.7,68.57,251.76,197.64,73.44,44.26,44.18,96.07,152.04,49.06,64.22
"24-10-2018",215.09,1664.2,66.94,238.44,187.88,75.56,42.7,42.23,92.09,148.91,47.75,62.28
"25-10-2018",219.8,1782.17,67.67,252.92,188.1,73.54,42.19,42.38,92.85,151.48,47.9,63.29
"26-10-2018",216.3,1642.81,66.99,245.8,185.98,72.74,41.7,40.92,92.33,149.43,46.46,61.97
"29-10-2018",212.24,1538.88,67.31,239.75,188.19,74.04,42.28,39.91,93.54,150.96,47.01,62.05
"30-10-2018",213.3,1530.42,68,238.41,189.08,74.29,43.14,40.96,95.49,153.78,48,72.55
"31-10-2018",218.86,1598.01,68.94,245.76,192.79,73.36,43.07,41.29,95.72,154.35,47.25,72.25
"01-11-2018",222.22,1665.53,70.15,245.28,192.9,72.97,42.87,43.12,89.97,155.37,48.72,72.29
"02-11-2018",207.48,1665.53,70.19,239.64,187.06,72.69,42.9,43.28,89.55,155.84,48,71.76
"05-11-2018",201.59,1627.8,70.39,239.89,189.92,73.5,43.71,44.13,90.39,157.37,48.1,68.95
"06-11-2018",203.77,1642.81,70.96,240.56,190.75,74.45,43.99,44.9,91.03,158.09,47.33,69.83
"07-11-2018",209.95,1755.49,72.5,253.43,197.62,75.13,45.06,44.43,92.52,160.98,48.3,71.55
"08-11-2018",208.49,1754.91,72.96,249.96,196.02,74.17,45.21,44.25,93.7,161.25,48.57,72.18
"09-11-2018",204.47,1712.43,72.79,244.84,193.16,75.32,45.04,43.82,93.72,159.9,48.26,70.94
"12-11-2018",194.17,1636.85,70.56,236.67,191.56,76.2,44.44,42.47,91.56,157.49,47.94,69.08
"13-11-2018",192.23,1631.17,69.49,238.74,191.55,76.43,44.37,42.16,91.38,158.05,48.02,69.19
"14-11-2018",186.8,1599.01,69.41,235.22,190.36,76.13,43.95,41.94,88.64,157.21,46.6,68.41
"15-11-2018",191.41,1619.44,70.73,239.95,192.45,76.79,44.27,42.69,89.29,160.64,46.13,69.46
"16-11-2018",193.53,1593.41,72.04,238.89,194.18,77.02,44.57,42.94,89.5,163.86,46.38,69.87
"19-11-2018",185.86,1512.29,70.54,219.69,194.91,77.43,45.37,43.3,88.45,159.89,46.31,68.27
"20-11-2018",176.98,1495.46,69.06,219.73,196.44,77.82,44.29,43.06,88.09,157.56,45.66,66.67
"21-11-2018",176.78,1516.73,68.53,225.98,192.77,75.65,44.39,43.86,88.07,159.18,45.6,67.88
"22-11-2018",176.78,1516.73,68.53,225.98,192.77,75.65,44.39,43.86,88.07,159.18,45.6,67.88
"23-11-2018",172.29,1502.06,68.11,225.56,192.57,75.86,44.47,43.37,87.73,157.49,45.2,67.79
"26-11-2018",174.62,1581.33,68.81,231.96,194.3,75.96,44.61,43.85,88.42,158.58,45.52,68.4
"27-11-2018",174.24,1581.42,69.71,232.25,197.1,76.58,44.55,43.43,87.5,156.27,46.07,67.57
"28-11-2018",180.94,1677.75,72.83,249.21,201.42,76.22,45.36,44.32,89.16,158.66,46,69.6
"29-11-2018",179.55,1673.57,73.26,249.09,202.37,76.35,45.4,43.44,88.48,159.21,46.04,68.11
"30-11-2018",178.58,1690.17,74.05,250.89,208.25,77.74,45.74,43.25,89.19,160.87,46.02,68.75
"03-12-2018",184.82,1772.36,74.27,255.26,202.93,78.31,46.07,43.18,88.76,166.62,46.84,70.24
"04-12-2018",176.69,1668.4,71.5,245.82,197.76,78.42,44.29,40.77,86.4,163.92,45.61,68.71
"05-12-2018",176.69,1668.4,71.5,245.82,197.76,78.42,44.29,40.77,86.4,163.92,45.61,68.71
"06-12-2018",174.72,1699.19,71.54,250.63,199.01,78.76,43.55,39.41,85.09,161.37,45.53,69.02
"07-12-2018",168.49,1629.13,69.95,238,191.44,79.32,43.25,37.9,83.81,157.16,44.46,66.65
"10-12-2018",169.6,1641.03,70.92,244.09,194.09,79.36,43.04,37.51,83.28,157.08,44.59,67.28
"11-12-2018",168.63,1643.24,71.84,245.34,196.18,79.76,42.64,36.59,82.49,155.93,44.55,67.42
"12-12-2018",169.1,1663.54,72.53,245.55,196.41,79.52,42.9,37.68,82.4,157.71,45.19,68.03
"13-12-2018",170.95,1658.38,72.18,248.08,197.53,80.36,45.75,37.29,80.59,157.28,44.93,67.25
